am_sid,am_cat,sciname,iucn_sid,pop_trend,pop_cat,spp_group,id_no,iucn_subpop,spatial_source,cat_score,trend_score,status_gl,status_pr,status_gl_score,status_pr_score,iucn_score
NA,NA,Actitis macularius,22693277,Decreasing,LC,BOTW,22693277,NA,iucn-bli,0.0,-0.5,G5,S5B,0.0,0.0,0.0
NA,NA,Anas americana,22680163,Stable,LC,BOTW,22680163,NA,iucn-bli,0.0,0.0,G5,"S5B,S5N",0.0,0.0,0.0
NA,NA,Anas clypeata,22680247,Decreasing,LC,BOTW,22680247,NA,iucn-bli,0.0,-0.5,G5,"S5B,S5N",0.0,0.0,0.0
NA,NA,Anthus rubescens,22718575,Decreasing,LC,BOTW,22718575,NA,iucn-bli,0.0,-0.5,G5,S5B,0.0,0.0,0.0
NA,NA,Aythya affinis,22680402,Decreasing,LC,BOTW,22680402,NA,iucn-bli,0.0,-0.5,G5,"S5B,S5N",0.0,0.0,0.0
ITS-175145,LC,Bucephala albeola,22680462,Increasing,LC,BOTW,22680462,NA,iucn-bli,0.0,0.5,G5,S5B,0.0,0.0,0.0
ITS-175141,LC,Bucephala clangula,22680455,Stable,LC,BOTW,22680455,NA,iucn-bli,0.0,0.0,G5,S5,0.0,0.0,0.0
NA,NA,Cistothorus palustris,22711374,Increasing,LC,BOTW,22711374,NA,iucn-bli,0.0,0.5,G5,S5B,0.0,0.0,0.0
NA,NA,Corvus caurinus,22705986,Increasing,LC,BOTW,22705986,NA,iucn-bli,0.0,0.5,G5,S5,0.0,0.0,0.0
Fis-48258,NA,Entosphenus tridentatus,NA,NA,NA,NA,NA,NA,am,0.0,NA,G4,S5,0.2,0.0,NA
NA,NA,Eremophila alpestris,22717434,Decreasing,LC,BOTW,22717434,NA,iucn-bli,0.0,-0.5,G5,S5?B,0.0,0.0,0.0
NA,NA,Euphagus cyanocephalus,22724332,Decreasing,LC,BOTW,22724332,NA,iucn-bli,0.0,-0.5,G5,S5B,0.0,0.0,0.0
NA,NA,Falco columbarius,22696453,Stable,LC,BOTW,22696453,NA,iucn-bli,0.0,0.0,G5,S5B,0.0,0.0,0.0
Fis-30039,LC,Gasterosteus aculeatus,8951,Stable,LC,NA,NA,NA,am,0.3,0.0,G5,S5,0.0,0.3,0.0
NA,NA,Gavia immer,22697842,Decreasing,LC,BOTW,22697842,NA,iucn-bli,0.0,-0.5,G5,S5B,0.0,0.0,0.0
NA,NA,Geothlypis trichas,22721836,Stable,LC,BOTW,22721836,NA,iucn-bli,0.0,0.0,G5,S5B,0.0,0.0,0.0
NA,NA,Haliaeetus leucocephalus,22695144,Increasing,LC,BOTW,22695144,NA,iucn-bli,0.0,0.5,G5,"S5B,S5N",0.0,0.0,0.0
NA,NA,Larus thayeri,22728995,Increasing,LC,BOTW,22728995,NA,iucn-bli,0.0,0.5,G5,S5M,0.0,0.0,0.0
NA,NA,Lontra canadensis,12302,Stable,LC,TERRESTRIAL_MAMMALS,12302,NA,iucn,0.0,0.0,G5,S5,0.0,0.0,0.0
NA,NA,Lophodytes cucullatus,22680472,Increasing,LC,BOTW,22680472,NA,iucn-bli,0.0,0.5,G5,S5B,0.0,0.0,0.0
NA,NA,Melospiza melodia,22721058,Stable,LC,BOTW,22721058,NA,iucn-bli,0.0,0.0,G5,S5B,0.0,0.0,0.0
NA,NA,Mergus merganser,22680492,Increasing,LC,BOTW,22680492,NA,iucn-bli,0.0,0.5,G5,S5B,0.0,0.0,0.0
Fis-22915,NA,Oncorhynchus gorbuscha,NA,NA,NA,NA,NA,NA,am,0.0,NA,G5,S5,0.0,0.0,NA
Fis-22916,NA,Oncorhynchus keta,NA,NA,NA,NA,NA,NA,am,0.0,NA,G5,S5,0.0,0.0,NA
Fis-22919,NA,Oncorhynchus mykiss,NA,NA,NA,NA,NA,NA,am,0.0,NA,G5,S5,0.0,0.0,NA
NA,NA,Pandion haliaetus,22694938,Increasing,LC,BOTW,22694938,NA,iucn-bli,0.0,0.5,G5,S5B,0.0,0.0,0.0
ITS-Mam-180649,LC,Phoca vitulina,17013,Stable,LC,MARINE_MAMMALS_update,17013,NA,iucn,0.0,0.0,G5,S5,0.0,0.0,0.0
NA,NA,Phyllospadix scouleri,173367,Stable,LC,SEAGRASSES,173367,NA,iucn,0.0,0.0,G5,S5,0.0,0.0,0.0
NA,NA,Pluvialis squatarola,22693749,Decreasing,LC,BOTW,22693749,NA,iucn-bli,0.0,-0.5,G5,S5N,0.0,0.0,0.0
NA,NA,Tringa melanoleuca,22693231,Stable,LC,BOTW,22693231,NA,iucn-bli,0.0,0.0,G5,S5B,0.0,0.0,0.0
ITS-Mam-180621,LC,Zalophus californianus,41666,Increasing,LC,MARINE_MAMMALS_update,41666,NA,iucn,0.0,0.5,G5,S5N,0.0,0.0,0.0
NA,NA,Zostera marina,153538,Decreasing,LC,SEAGRASSES,153538,NA,iucn,0.0,-0.5,G5,S5,0.0,0.0,0.0
NA,NA,Anas discors,22680229,Decreasing,LC,BOTW,22680229,NA,iucn-bli,0.1,-0.5,G5,S4S5B,0.0,0.1,0.0
ITS-175144,LC,Bucephala islandica,22680459,Increasing,LC,BOTW,22680459,NA,iucn-bli,0.1,0.5,G5,S4S5,0.0,0.1,0.0
NA,NA,Calidris alba,22693369,Unknown,LC,BOTW,22693369,NA,iucn-bli,0.1,NA,G5,S4S5N,0.0,0.1,0.0
NA,NA,Charadrius semipalmatus,22693764,Stable,LC,BOTW,22693764,NA,iucn-bli,0.1,0.0,G5,S4S5B,0.0,0.1,0.0
NA,NA,Charadrius vociferus,22693777,Decreasing,LC,BOTW,22693777,NA,iucn-bli,0.1,-0.5,G5,S4S5B,0.0,0.1,0.0
NA,NA,Fulica americana,62169677,Decreasing,LC,BOTW,62169677,NA,iucn-bli,0.1,-0.5,G5,S4S5B,0.0,0.1,0.0
ITS-Mam-180444,LC,Lagenorhynchus obliquidens,11145,Unknown,LC,MARINE_MAMMALS_update,11145,NA,iucn,0.1,NA,G5,S4S5,0.0,0.1,0.0
ITS-Mam-180480,LC,Phocoenoides dalli,17032,Unknown,LC,MARINE_MAMMALS_update,17032,NA,iucn,0.1,NA,G4G5,S4S5,0.1,0.1,0.0
NA,NA,Stelgidopteryx serripennis,22735128,Decreasing,LC,BOTW,22735128,NA,iucn-bli,0.1,-0.5,G5,S4S5B,0.0,0.1,0.0
NA,NA,Tachycineta thalassina,22712077,Increasing,LC,BOTW,22712077,NA,iucn-bli,0.1,0.5,G5,S4S5B,0.0,0.1,0.0
NA,NA,Tringa flavipes,22693235,Decreasing,LC,BOTW,22693235,NA,iucn-bli,0.1,-0.5,G5,S4S5B,0.0,0.1,0.0
NA,NA,Anas acuta,22680301,Decreasing,LC,BOTW,22680301,NA,iucn-bli,0.2,-0.5,G5,"S4B,S5N",0.0,0.2,0.0
NA,NA,Anser albifrons,22679881,Unknown,LC,BOTW,22679881,NA,iucn-bli,0.2,NA,G5,S4M,0.0,0.2,0.0
NA,NA,Arenaria melanocephala,22693341,Stable,LC,BOTW,22693341,NA,iucn-bli,0.2,0.0,G5,"S4N,S5M",0.0,0.2,0.0
NA,NA,Aythya americana,22680367,Increasing,LC,BOTW,22680367,NA,iucn-bli,0.2,0.5,G5,"S4B,S5N",0.0,0.2,0.0
NA,NA,Aythya marila,22680398,Decreasing,LC,BOTW,22680398,NA,iucn-bli,0.2,-0.5,G5,S4N,0.0,0.2,0.0
NA,NA,Aythya valisineria,22680364,Decreasing,LC,BOTW,22680364,NA,iucn-bli,0.2,-0.5,G5,S4B,0.0,0.2,0.0
ITS-Mam-180524,LC,Balaenoptera acutorostrata,2474,Stable,LC,MARINE_MAMMALS_update,2474,NA,iucn,0.2,0.0,G5,S4N,0.0,0.2,0.0
NA,NA,Calidris alpina,22693427,Decreasing,LC,BOTW,22693427,NA,iucn-bli,0.2,-0.5,G5,S4N,0.0,0.2,0.0
NA,NA,Calidris mauri,22693376,Decreasing,LC,BOTW,22693376,NA,iucn-bli,0.2,-0.5,G5,S4M,0.0,0.2,0.0
NA,NA,Calidris minutilla,22693396,Decreasing,LC,BOTW,22693396,NA,iucn-bli,0.2,-0.5,G5,S4?B,0.0,0.2,0.0
NA,NA,Calidris ptilocnemis,22693424,Decreasing,LC,BOTW,22693424,NA,iucn-bli,0.2,-0.5,G5,S4N,0.0,0.2,0.0
ITS-176991,LC,Cepphus columba,22694864,Stable,LC,BOTW,22694864,NA,iucn-bli,0.2,0.0,G5,S4B,0.0,0.2,0.0
ITS-177023,LC,Cerorhinca monocerata,22694924,Decreasing,LC,BOTW,22694924,NA,iucn-bli,0.2,-0.5,G5,S4,0.0,0.2,0.0
NA,NA,Chen caerulescens,22679896,Increasing,LC,BOTW,22679896,NA,iucn-bli,0.2,0.5,G5,S4M,0.0,0.2,0.0
ITS-176959,LC,Chlidonias niger,22694787,Decreasing,LC,BOTW,22694787,NA,iucn-bli,0.2,-0.5,G4G5,S4B,0.1,0.2,0.0
NA,NA,Chordeiles minor,22689714,Decreasing,LC,BOTW,22689714,NA,iucn-bli,0.2,-0.5,G5,S4B,0.0,0.2,0.0
NA,NA,Cygnus buccinator,22679859,Increasing,LC,BOTW,22679859,NA,iucn-bli,0.2,0.5,G4,"S4B,S5N",0.2,0.2,0.0
NA,NA,Gavia pacifica,22697839,Increasing,LC,BOTW,22697839,NA,iucn-bli,0.2,0.5,G5,"S4B, S3S4N",0.0,0.2,0.0
ITS-Mam-180457,LC,Grampus griseus,9461,Unknown,LC,MARINE_MAMMALS_update,9461,NA,iucn,0.2,NA,G5,S4,0.0,0.2,0.0
NA,NA,Haematopus bachmani,62015238,Unknown,LC,BOTW,62015238,NA,iucn-bli,0.2,NA,G5,S4,0.0,0.2,0.0
ITS-175149,LC,Histrionicus histrionicus,22680423,Increasing,LC,BOTW,22680423,NA,iucn-bli,0.2,0.5,G4,"S4B,S3N",0.2,0.2,0.0
Fis-48267,LC,Lampetra ayresii,202625,Unknown,LC,NA,NA,NA,am,0.2,NA,G4,S4,0.2,0.2,0.0
ITS-176832,LC,Larus canus,22694308,Unknown,LC,BOTW,22694308,NA,iucn-bli,0.2,NA,G5,S4B,0.0,0.2,0.0
ITS-176830,LC,Larus delawarensis,22694317,Increasing,LC,BOTW,22694317,NA,iucn-bli,0.2,0.5,G5,S4?B,0.0,0.2,0.0
ITS-176814,LC,Larus glaucescens,22694334,Increasing,LC,BOTW,22694334,NA,iucn-bli,0.2,0.5,G5,S4,0.0,0.2,0.0
NA,NA,Limnodromus scolopaceus,22693348,Unknown,LC,BOTW,22693348,NA,iucn-bli,0.2,NA,G5,S4N,0.0,0.2,0.0
ITS-175187,LC,Mergus serrator,22680485,Stable,LC,BOTW,22680485,NA,iucn-bli,0.2,0.0,G5,S4B,0.0,0.2,0.0
NA,NA,Oceanodroma furcata,22698572,Increasing,LC,BOTW,22698572,NA,iucn-bli,0.2,0.5,G5,S4B,0.0,0.2,0.0
Fis-156254,NA,Oncorhynchus clarkii,NA,NA,NA,NA,NA,NA,am,0.2,NA,G4,S4,0.2,0.2,NA
Fis-22917,NA,Oncorhynchus kisutch,NA,NA,NA,NA,NA,NA,am,0.2,NA,G4,S4,0.2,0.2,NA
Fis-22920,LC,Oncorhynchus nerka,135301,Stable,LC,NA,NA,NA,am,0.2,0.0,G5,S4,0.0,0.2,0.0
Fis-22921,NA,Oncorhynchus tshawytscha,NA,NA,NA,NA,NA,NA,am,0.2,NA,G5,S4,0.0,0.2,NA
ITS-174725,LC,Phalacrocorax pelagicus,22728950,Decreasing,LC,BOTW,22728950,NA,iucn-bli,0.2,-0.5,G5,S4B,0.0,0.2,0.0
NA,NA,Phyllospadix serrulatus,173366,Stable,LC,SEAGRASSES,173366,NA,iucn,0.2,0.0,G4,S4,0.2,0.2,0.0
NA,NA,Phyllospadix torreyi,173320,Stable,LC,SEAGRASSES,173320,NA,iucn,0.2,0.0,G4G5,S4,0.1,0.2,0.0
NA,NA,Plectrophenax nivalis,22721043,Decreasing,LC,BOTW,22721043,NA,iucn-bli,0.2,-0.5,G5,"S4?B,S5?N",0.0,0.2,0.0
Fis-24332,NA,Salvelinus malma,NA,NA,NA,NA,NA,NA,am,0.2,NA,G5,S4,0.0,0.2,NA
Fis-24354,LC,Spirinchus thaleichthys,184099,Unknown,LC,NA,NA,NA,am,0.2,NA,G5,S4,0.0,0.2,0.0
ITS-176890,LC,Sterna paradisaea,22694629,Decreasing,LC,BOTW,22694629,NA,iucn-bli,0.2,-0.5,G5,S4B,0.0,0.2,0.0
NA,NA,Butorides virescens,22728182,Decreasing,LC,BOTW,22728182,NA,iucn-bli,0.3,-0.5,G5,S3S4B,0.0,0.3,0.0
NA,NA,Melanitta americana,22732425,Decreasing,NT,BOTW,22732425,NA,iucn-bli,0.3,-0.5,G5,S3S4N,0.0,0.3,0.2
ITS-174717,LC,Phalacrocorax auritus,22696776,Increasing,LC,BOTW,22696776,NA,iucn-bli,0.3,0.5,G5,S3S4B,0.0,0.3,0.0
ITS-Mam-180488,VU,Physeter macrocephalus,41755,Unknown,VU,MARINE_MAMMALS_update,41755,NA,iucn,0.3,NA,G3G4,S3S4,0.3,0.3,0.4
NA,NA,Pluvialis dominica,22693740,Decreasing,LC,BOTW,22693740,NA,iucn-bli,0.3,-0.5,G5,S3S4B,0.0,0.3,0.0
NA,NA,Ardea herodias,22696998,Increasing,LC,BOTW,22696998,NA,iucn-bli,0.4,0.5,G5,S3B,0.0,0.4,0.0
ITS-176996,EN,Brachyramphus marmoratus,22694870,Decreasing,EN,BOTW,22694870,NA,iucn-bli,0.4,-0.5,G3,"S3B,S3N",0.4,0.4,0.6
NA,NA,Branta bernicla,22679946,Unknown,LC,BOTW,22679946,NA,iucn-bli,0.4,NA,G5,S3M,0.0,0.4,0.0
ITS-Mam-180521,LC,Eschrichtius robustus,8097,Stable,LC,MARINE_MAMMALS_update,8097,NA,iucn,0.4,0.0,G4,S3,0.2,0.4,0.0
ITS-Mam-180625,NT,Eumetopias jubatus,8239,Increasing,NT,MARINE_MAMMALS_update,8239,NA,iucn,0.4,0.5,G3,"S3B,S4N",0.4,0.4,0.2
NA,NA,Falco peregrinus,45354964,Stable,LC,BOTW,45354964,NA,iucn-bli,0.4,0.0,G4,S3B,0.2,0.4,0.0
ITS-176935,LC,Hydroprogne caspia,22694524,Increasing,LC,BOTW,22694524,NA,iucn-bli,0.4,0.5,G5,S3B,0.0,0.4,0.0
ITS-Mam-180530,LC,Megaptera novaeangliae,13006,Increasing,LC,MARINE_MAMMALS_update,13006,NA,iucn,0.4,0.5,G4,S3,0.2,0.4,0.0
ITS-175170,LC,Melanitta perspicillata,22680441,Decreasing,LC,BOTW,22680441,NA,iucn-bli,0.4,-0.5,G5,"S3B,S4N",0.0,0.4,0.0
NA,NA,Numenius americanus,22693195,Decreasing,LC,BOTW,22693195,NA,iucn-bli,0.4,-0.5,G5,S3B,0.0,0.4,0.0
ITS-Mam-180469,DD,Orcinus orca,15421,Unknown,DD,NA,NA,NA,am,0.6,NA,G4G5,S3,0.1,0.6,NA
ITS-Mam-180473,LC,Phocoena phocoena,17027,Unknown,LC,MARINE_MAMMALS_update,17027,NA,iucn,0.4,NA,G4G5,S3,0.1,0.4,0.0
NA,NA,Podiceps nigricollis,22696610,Unknown,LC,BOTW,22696610,NA,iucn-bli,0.4,NA,G5,S3B,0.0,0.4,0.0
ITS-177013,LC,Ptychoramphus aleuticus,22694903,Decreasing,NT,BOTW,22694903,NA,iucn-bli,0.4,-0.5,G4,"S3B,S4N",0.2,0.4,0.2
NA,NA,Puffinus creatopus,22698195,Unknown,VU,BOTW,22698195,NA,iucn-bli,0.4,NA,G3,S3N,0.4,0.4,0.4
NA,NA,Tringa incana,22693305,Stable,LC,BOTW,22693305,NA,iucn-bli,0.4,0.0,G4G5,S3B,0.1,0.4,0.0
NA,NA,Gavia adamsii,22697847,Decreasing,NT,BOTW,22697847,NA,iucn-bli,0.5,-0.5,G4,S2S3N,0.2,0.5,0.2
ITS-176829,LC,Larus californicus,22694321,Decreasing,LC,BOTW,22694321,NA,iucn-bli,0.5,-0.5,G5,S2S3B,0.0,0.5,0.0
NA,NA,Limnodromus griseus,22693344,Decreasing,LC,BOTW,22693344,NA,iucn-bli,0.5,-0.5,G5,S2S3B,0.0,0.5,0.0
ITS-177008,LC,Synthliboramphus antiquus,22694896,Decreasing,LC,BOTW,22694896,NA,iucn-bli,0.5,-0.5,G4,"S2S3B,S4N",0.2,0.5,0.0
Fis-22963,LC,Thaleichthys pacificus,202415,Unknown,LC,NA,NA,NA,am,0.5,NA,G5,S2S3,0.0,0.5,0.0
Fis-29594,LC,Acipenser transmontanus,234,Stable,LC,NA,NA,NA,am,0.7142857142857143,0.0,G4,S2,0.2,0.7142857142857143,0.0
ITS-Mam-180527,EN,Balaenoptera physalus,2478,Unknown,EN,MARINE_MAMMALS_update,2478,NA,iucn,0.6,NA,G3G4,S2N,0.3,0.6,0.6
ITS-Mam-180627,VU,Callorhinus ursinus,3590,Decreasing,VU,MARINE_MAMMALS_update,3590,NA,iucn,0.6,-0.5,G3,S2M,0.4,0.6,0.4
ITS-176974,LC,Uria aalge,22694841,Increasing,LC,BOTW,22694841,NA,iucn-bli,0.6,0.5,G5,"S2B,S3S4N",0.0,0.6,0.0
NA,NA,Calidris canutus,22693363,Decreasing,NT,BOTW,22693363,NA,iucn-bli,0.7,-0.5,G4,S1S2M,0.2,0.7,0.2
Rep-4381,VU,Dermochelys coriacea,46967817,Decreasing,CR,REPTILES_update,46967817,West Pacific,iucn,0.7,-0.5,G2,S1S2N,0.6,0.7,0.8
Fis-29588,NT,Acipenser medirostris,233,Stable,NT,NA,NA,NA,am,0.8,0.0,G3,S1N,0.4,0.8,0.2
ITS-Mam-180528,EN,Balaenoptera musculus,2477,Increasing,EN,MARINE_MAMMALS_update,2477,NA,iucn,0.8,0.5,G3G4,S1N,0.3,0.8,0.6
ITS-174536,LC,Fulmarus glacialis,22697866,Increasing,LC,BOTW,22697866,NA,iucn-bli,0.8,0.5,G5,"S1B, S4N",0.0,0.8,0.0
ITS-Mam-180672,LC,Mirounga angustirostris,13581,Increasing,LC,MARINE_MAMMALS_update,13581,NA,iucn,0.8,0.5,G5,S1B,0.0,0.8,0.0
ITS-174724,LC,Phalacrocorax penicillatus,22696753,Decreasing,LC,BOTW,22696753,NA,iucn-bli,0.8,-0.5,G5,"S1B,S4N",0.0,0.8,0.0
ITS-Mam-180526,EN,Balaenoptera borealis,2475,Unknown,EN,MARINE_MAMMALS_update,2475,NA,iucn,1.0,NA,G3,SHN,0.4,1.0,0.6
SLB-71490,LC,Abraliopsis felis,163094,Unknown,LC,NA,NA,NA,am,0.0,NA,NA,NA,NA,NaN,0.0
W-Hyd-196556,NA,Abyla haeckeli,NA,NA,NA,NA,NA,NA,am,NA,NA,NA,NA,NA,NaN,NA
SLB-64971,NA,Abylopsis eschscholtzi,NA,NA,NA,NA,NA,NA,am,NA,NA,NA,NA,NA,NaN,NA
W-Hyd-135403,NA,Abylopsis tetragona,NA,NA,NA,NA,NA,NA,am,NA,NA,NA,NA,NA,NaN,NA
W-Msc-140627,NA,Acanthodoris pilosa,NA,NA,NA,NA,NA,NA,am,NA,NA,NA,NA,NA,NaN,NA
URM-2-3,NA,Achelia alaskensis,NA,NA,NA,NA,NA,NA,am,NA,NA,NA,NA,NA,NaN,NA
URM-2-63,NA,Achelia spinosa,NA,NA,NA,NA,NA,NA,am,NA,NA,NA,NA,NA,NaN,NA
W-Msc-506568,NA,Acila castrensis,NA,NA,NA,NA,NA,NA,am,NA,NA,NA,NA,NA,NaN,NA
W-Hyd-117679,NA,Acryptolaria conferta,NA,NA,NA,NA,NA,NA,am,NA,NA,NA,NA,NA,NaN,NA
W-Msc-140629,NA,Adalaria proxima,NA,NA,NA,NA,NA,NA,am,NA,NA,NA,NA,NA,NaN,NA
W-Oct-289357,NA,Adelogorgia phyllosclera,NA,NA,NA,NA,NA,NA,am,NA,NA,NA,NA,NA,NaN,NA
ITS-97195,NA,Aegaeon lacazei,NA,NA,NA,NA,NA,NA,am,NA,NA,NA,NA,NA,NaN,NA
W-Msc-138709,NA,Aeolidia papillosa,NA,NA,NA,NA,NA,NA,am,NA,NA,NA,NA,NA,NaN,NA
W-Hyd-117268,NA,Aequorea aequorea,NA,NA,NA,NA,NA,NA,am,NA,NA,NA,NA,NA,NaN,NA
W-Hyd-135484,NA,Agalma elegans,NA,NA,NA,NA,NA,NA,am,NA,NA,NA,NA,NA,NaN,NA
SLB-64981,NA,Agalma okeni,NA,NA,NA,NA,NA,NA,am,NA,NA,NA,NA,NA,NaN,NA
W-Hyd-289361,NA,Aglauropsis aeora,NA,NA,NA,NA,NA,NA,am,NA,NA,NA,NA,NA,NaN,NA
Fis-30759,NA,Agonomalus mozinoi,NA,NA,NA,NA,NA,NA,am,NA,NA,NA,NA,NA,NaN,NA
Fis-24404,NA,Agonopsis vulsa,NA,NA,NA,NA,NA,NA,am,NA,NA,GNR,SNR,NA,NaN,NA
Fis-29263,LC,Alepisaurus ferox,154820,Unknown,LC,NA,NA,NA,am,0.0,NA,GNR,SNR,NA,NaN,0.0
Fis-23897,NA,Allosmerus elongatus,NA,NA,NA,NA,NA,NA,am,NA,NA,GNR,SNR,NA,NaN,NA
Fis-23899,VU,Alopias vulpinus,39339,Decreasing,VU,NA,NA,NA,am,0.4,-0.5,GNR,SNR,NA,NaN,0.4
W-Msc-159928,NA,Amicula vestita,NA,NA,NA,NA,NA,NA,am,NA,NA,NA,NA,NA,NaN,NA
Fis-29620,NA,Ammodytes hexapterus,NA,NA,NA,NA,NA,NA,am,NA,NA,G5,SNR,0.0,NaN,NA
ITS-93329,NA,Ampelisca abdita,NA,NA,NA,NA,NA,NA,am,NA,NA,NA,NA,NA,NaN,NA
ITS-93332,NA,Ampelisca agassizi,NA,NA,NA,NA,NA,NA,am,NA,NA,NA,NA,NA,NaN,NA
W-Hyd-135455,NA,Amphicaryon ernesti,NA,NA,NA,NA,NA,NA,am,NA,NA,NA,NA,NA,NaN,NA
W-Oph-242878,NA,Amphipholis pugetana,NA,NA,NA,NA,NA,NA,am,NA,NA,NA,NA,NA,NaN,NA
W-Oph-125064,NA,Amphipholis squamata,NA,NA,NA,NA,NA,NA,am,NA,NA,NA,NA,NA,NaN,NA
Fis-29628,NA,Anarrhichthys ocellatus,NA,NA,NA,NA,NA,NA,am,NA,NA,G5,SNR,0.0,NaN,NA
NA,NA,Anas penelope,22680157,Decreasing,LC,BOTW,22680157,NA,iucn-bli,0.0,-0.5,G5,SNRN,0.0,NaN,0.0
Hex-3591,NA,Anemonactis mazeli,NA,NA,NA,NA,NA,NA,am,NA,NA,NA,NA,NA,NaN,NA
W-Msc-581820,NA,Anisodoris nobilis,NA,NA,NA,NA,NA,NA,am,NA,NA,NA,NA,NA,NaN,NA
Fis-24421,NA,Anoplagonus inermis,NA,NA,NA,NA,NA,NA,am,NA,NA,GNR,SNR,NA,NaN,NA
Fis-29639,NA,Anoplarchus insignis,NA,NA,NA,NA,NA,NA,am,NA,NA,GNR,SNR,NA,NaN,NA
Fis-29640,NA,Anoplarchus purpurescens,NA,NA,NA,NA,NA,NA,am,NA,NA,GNR,SNR,NA,NaN,NA
URM-2-1077,NA,Anoplodactylus viridintestinalis,NA,NA,NA,NA,NA,NA,am,NA,NA,NA,NA,NA,NaN,NA
Fis-23904,NA,Anoplogaster cornuta,18123960,Unknown,LC,NA,NA,NA,am,0.0,NA,G5,SNR,0.0,NaN,0.0
Fis-22996,NA,Anoplopoma fimbria,NA,NA,NA,NA,NA,NA,am,NA,NA,GNR,SNR,NA,NaN,NA
W-Hyd-117628,NA,Antennella secundaria,NA,NA,NA,NA,NA,NA,am,NA,NA,NA,NA,NA,NaN,NA
Hex-483,NA,Anthopleura sola,NA,NA,NA,NA,NA,NA,am,NA,NA,NA,NA,NA,NaN,NA
W-Pol-332992,NA,Aphelochaeta multifilis,NA,NA,NA,NA,NA,NA,am,NA,NA,NA,NA,NA,NaN,NA
NA,NA,Aphriza virgata,22693356,Decreasing,LC,BOTW,22693356,NA,iucn-bli,0.0,-0.5,NA,NA,NA,NaN,0.0
W-Msc-240765,NA,Aplysia californica,NA,NA,NA,NA,NA,NA,am,NA,NA,NA,NA,NA,NaN,NA
Fis-29659,NA,Apodichthys flavidus,NA,NA,NA,NA,NA,NA,am,NA,NA,GNR,SNR,NA,NaN,NA
Fis-10690,NA,Apodichthys fucorum,NA,NA,NA,NA,NA,NA,am,NA,NA,GNR,SNR,NA,NaN,NA
NA,NA,Apostichopus leukothele,19711843,Unknown,LC,SEACUCUMBERS,19711843,NA,iucn,0.0,NA,NA,NA,NA,NaN,0.0
Fis-22998,DD,Apristurus brunneus,44209,Unknown,DD,NA,NA,NA,am,NA,NA,GNR,SNR,NA,NaN,NA
W-Pol-129854,NA,Arabella iricolor,NA,NA,NA,NA,NA,NA,am,NA,NA,NA,NA,NA,NaN,NA
SLB-77318,NA,Archidoris montereyensis,NA,NA,NA,NA,NA,NA,am,NA,NA,NA,NA,NA,NaN,NA
Fis-136946,NA,Arctozenus risso,194997,Unknown,LC,NA,NA,NA,am,0.0,NA,GNR,SNR,NA,NaN,0.0
SLB-70962,NA,Argonauta hians,163211,Unknown,LC,NA,NA,NA,am,0.0,NA,NA,NA,NA,NaN,0.0
Fis-32104,LC,Argyropelecus hemigymnus,154998,Stable,LC,NA,NA,NA,am,0.0,0.0,NA,NA,NA,NaN,0.0
Fis-30765,NA,Artedius fenestralis,NA,NA,NA,NA,NA,NA,am,NA,NA,GNR,SNR,NA,NaN,NA
Fis-24439,NA,Artedius harringtoni,NA,NA,NA,NA,NA,NA,am,NA,NA,GNR,SNR,NA,NaN,NA
Fis-24440,NA,Artedius lateralis,NA,NA,NA,NA,NA,NA,am,NA,NA,GNR,SNR,NA,NaN,NA
Fis-30768,NA,Ascelichthys rhodorus,NA,NA,NA,NA,NA,NA,am,NA,NA,GNR,SNR,NA,NaN,NA
URM-2-1888,NA,Ascidia callosa,NA,NA,NA,NA,NA,NA,am,NA,NA,NA,NA,NA,NaN,NA
URM-2-1893,NA,Ascidia ceratodes,NA,NA,NA,NA,NA,NA,am,NA,NA,NA,NA,NA,NaN,NA
URM-2-1935,NA,Ascidia paratropa,NA,NA,NA,NA,NA,NA,am,NA,NA,NA,NA,NA,NaN,NA
Fis-30769,NA,Asemichthys taylori,NA,NA,NA,NA,NA,NA,am,NA,NA,GNR,SNR,NA,NaN,NA
W-Msc-430414,NA,Atlanta californiensis,NA,NA,NA,NA,NA,NA,am,NA,NA,NA,NA,NA,NaN,NA
Fis-29704,NA,Aulorhynchus flavidus,NA,NA,NA,NA,NA,NA,am,NA,NA,GNR,SNR,NA,NaN,NA
URM-Cn-5333,NA,Balanophyllia elegans,NA,NA,NA,NA,NA,NA,am,NA,NA,NA,NA,NA,NaN,NA
ITS-89606,NA,Balanus crenatus,NA,NA,NA,NA,NA,NA,am,NA,NA,NA,NA,NA,NaN,NA
SLB-69010,NA,Bankia setacea,NA,NA,NA,NA,NA,NA,am,NA,NA,NA,NA,NA,NaN,NA
Fis-28109,NA,Barbantus curvifrons,18155933,Unknown,LC,NA,NA,NA,am,0.0,NA,NA,NA,NA,NaN,0.0
Fis-30920,NA,Barbourisia rufa,21110276,Unknown,LC,NA,NA,NA,am,0.0,NA,GNR,SNR,NA,NaN,0.0
SLB-65075,NA,Bassia bassensis,NA,NA,NA,NA,NA,NA,am,NA,NA,NA,NA,NA,NaN,NA
W-Msc-139422,LC,Bathothauma lyromma,163338,Unknown,LC,NA,NA,NA,am,0.0,NA,NA,NA,NA,NaN,0.0
Fis-24456,NA,Bathyagonus alascanus,NA,NA,NA,NA,NA,NA,am,NA,NA,GNR,SNR,NA,NaN,NA
Fis-24457,NA,Bathyagonus infraspinatus,NA,NA,NA,NA,NA,NA,am,NA,NA,GNR,SNR,NA,NaN,NA
Fis-30773,NA,Bathyagonus nigripinnis,NA,NA,NA,NA,NA,NA,am,NA,NA,GNR,SNR,NA,NaN,NA
Fis-24458,NA,Bathyagonus pentacanthus,NA,NA,NA,NA,NA,NA,am,NA,NA,GNR,SNR,NA,NaN,NA
Fis-29728,NA,Bathymaster signatus,NA,NA,NA,NA,NA,NA,am,NA,NA,GNR,SNR,NA,NaN,NA
URM-2-3504,NA,Bathypera ovoida,NA,NA,NA,NA,NA,NA,am,NA,NA,NA,NA,NA,NaN,NA
Fis-24310,DD,Bathyraja interrupta,161402,Unknown,LC,NA,NA,NA,am,0.0,NA,GNR,SNR,NA,NaN,0.0
Fis-49913,NA,Benthalbella infans,13485675,Unknown,LC,NA,NA,NA,am,0.0,NA,NA,NA,NA,NaN,0.0
Fis-26206,NA,Benthosema suborbitale,15598524,Stable,LC,NA,NA,NA,am,0.0,0.0,NA,NA,NA,NaN,0.0
ITS-Mam-180496,DD,Berardius bairdii,2763,Unknown,DD,MARINE_MAMMALS_update,2763,NA,iucn,NA,NA,G4,SU,0.2,NaN,NA
SLB-71510,LC,Berryteuthis magister,176070,Unknown,LC,NA,NA,NA,am,0.0,NA,NA,NA,NA,NaN,0.0
W-Msc-140816,NA,Berthellina engeli,NA,NA,NA,NA,NA,NA,am,NA,NA,NA,NA,NA,NaN,NA
Fis-29731,NA,Beryx decadactylus,198578,Unknown,LC,NA,NA,NA,am,0.0,NA,NA,NA,NA,NaN,0.0
W-Hyd-117320,NA,Bimeria vestita,NA,NA,NA,NA,NA,NA,am,NA,NA,NA,NA,NA,NaN,NA
Fis-24467,NA,Blepsias cirrhosus,NA,NA,NA,NA,NA,NA,am,NA,NA,GNR,SNR,NA,NaN,NA
SLB-70969,NA,Bolitaena pygmaea,163312,Unknown,LC,NA,NA,NA,am,0.0,NA,NA,NA,NA,NaN,0.0
URM-2-3509,NA,Boltenia echinata,NA,NA,NA,NA,NA,NA,am,NA,NA,NA,NA,NA,NaN,NA
Fis-24468,NA,Bothragonus swanii,NA,NA,NA,NA,NA,NA,am,NA,NA,GNR,SNR,NA,NaN,NA
W-Hyd-117328,NA,Bougainvillia muscus,NA,NA,NA,NA,NA,NA,am,NA,NA,NA,NA,NA,NaN,NA
W-Msc-138852,DD,Brachioteuthis riisei,163095,Unknown,DD,NA,NA,NA,am,NA,NA,NA,NA,NA,NaN,NA
Fis-29735,NA,Brachyistius frenatus,NA,NA,NA,NA,NA,NA,am,NA,NA,GNR,SNR,NA,NaN,NA
Fis-24471,NA,Brosmophycis marginata,NA,NA,NA,NA,NA,NA,am,NA,NA,GNR,SNR,NA,NaN,NA
W-Bry-396716,NA,Bugula californica,NA,NA,NA,NA,NA,NA,am,NA,NA,NA,NA,NA,NaN,NA
W-Msc-430397,NA,Cadlina sparsa,NA,NA,NA,NA,NA,NA,am,NA,NA,NA,NA,NA,NaN,NA
NA,NA,Calcarius lapponicus,22721033,Increasing,LC,BOTW,22721033,NA,iucn-bli,0.0,0.5,G5,SUM,0.0,NaN,0.0
NA,NA,Calidris ferruginea,22693431,Increasing,NT,BOTW,22693431,NA,iucn-bli,0.2,0.5,G5?,SNA,NA,NaN,0.2
NA,NA,Calidris pusilla,22693373,Decreasing,NT,BOTW,22693373,NA,iucn-bli,0.2,-0.5,G5,SUM,0.0,NaN,0.2
W-Bch-107379,NA,Callinectes sapidus,NA,NA,NA,NA,NA,NA,am,NA,NA,NA,NA,NA,NaN,NA
W-Msc-534197,NA,Calliostoma annulatum,NA,NA,NA,NA,NA,NA,am,NA,NA,NA,NA,NA,NaN,NA
W-Msc-580412,NA,Calliostoma ligatum,NA,NA,NA,NA,NA,NA,am,NA,NA,NA,NA,NA,NaN,NA
Fis-26997,LC,Callorhinchus callorynchus,63107,Unknown,LC,NA,NA,NA,am,0.0,NA,NA,NA,NA,NaN,0.0
W-Hyd-117402,NA,Calycella syringa,NA,NA,NA,NA,NA,NA,am,NA,NA,NA,NA,NA,NaN,NA
SLB-9723,NA,Cancer antennarius,NA,NA,NA,NA,NA,NA,am,NA,NA,NA,NA,NA,NaN,NA
W-Bch-452249,NA,Cancer jordani,NA,NA,NA,NA,NA,NA,am,NA,NA,NA,NA,NA,NaN,NA
W-Bch-440382,NA,Cancer productus,NA,NA,NA,NA,NA,NA,am,NA,NA,NA,NA,NA,NaN,NA
W-Pol-129876,NA,Capitella capitata,NA,NA,NA,NA,NA,NA,am,NA,NA,NA,NA,NA,NaN,NA
Fis-23071,VU,Carcharodon carcharias,3855,Unknown,VU,NA,NA,NA,am,0.4,NA,G2,SNR,0.6,NaN,0.4
W-Oct-395098,NA,Carijoa riisei,NA,NA,NA,NA,NA,NA,am,NA,NA,NA,NA,NA,NaN,NA
Fis-167420,NA,Caristius fasciatus,NA,NA,NA,NA,NA,NA,am,NA,NA,NA,NA,NA,NaN,NA
W-Ase-213335,NA,Ceramaster patagonicus,NA,NA,NA,NA,NA,NA,am,NA,NA,NA,NA,NA,NaN,NA
Fis-31020,NA,Ceratias holboelli,18127741,Unknown,LC,NA,NA,NA,am,0.0,NA,GNR,SNR,NA,NaN,0.0
SLB-64977,NA,Ceratocymba leuckarti,NA,NA,NA,NA,NA,NA,am,NA,NA,NA,NA,NA,NaN,NA
W-Msc-240767,NA,Ceratostoma foliatum,NA,NA,NA,NA,NA,NA,am,NA,NA,NA,NA,NA,NaN,NA
Fis-22747,VU,Cetorhinus maximus,4292,Decreasing,VU,NA,NA,NA,am,0.4,-0.5,G2G3,SNR,NA,NaN,0.4
W-Msc-545006,NA,Chaetoderma argenteum,NA,NA,NA,NA,NA,NA,am,NA,NA,NA,NA,NA,NaN,NA
W-Msc-545018,NA,Chaetoderma hancocki,NA,NA,NA,NA,NA,NA,am,NA,NA,NA,NA,NA,NaN,NA
W-Msc-545036,NA,Chaetoderma montereyense,NA,NA,NA,NA,NA,NA,am,NA,NA,NA,NA,NA,NaN,NA
W-Msc-545037,NA,Chaetoderma nanulum,NA,NA,NA,NA,NA,NA,am,NA,NA,NA,NA,NA,NaN,NA
W-Msc-545044,NA,Chaetoderma pacificum,NA,NA,NA,NA,NA,NA,am,NA,NA,NA,NA,NA,NaN,NA
W-Msc-146791,NA,Chaetoderma productum,NA,NA,NA,NA,NA,NA,am,NA,NA,NA,NA,NA,NaN,NA
SLB-3599,NA,Chaetopterus variopedatus,NA,NA,NA,NA,NA,NA,am,NA,NA,NA,NA,NA,NaN,NA
Fis-29800,NA,Chauliodus macouni,NA,NA,NA,NA,NA,NA,am,NA,NA,GNR,SNR,NA,NaN,NA
Fis-29801,NA,Chauliodus sloani,190324,Unknown,LC,NA,NA,NA,am,0.0,NA,NA,NA,NA,NaN,0.0
NA,NA,Chelonia olivacea,11534,Decreasing,VU,REPTILES_update,11534,NA,iucn,0.4,-0.5,NA,NA,NA,NaN,0.4
W-Hyd-135417,NA,Chelophyes appendiculata,NA,NA,NA,NA,NA,NA,am,NA,NA,NA,NA,NA,NaN,NA
Fis-125929,NA,Chesnonia verrucosa,NA,NA,NA,NA,NA,NA,am,NA,NA,GNR,SNR,NA,NaN,NA
Fis-24495,NA,Chirolophis decoratus,NA,NA,NA,NA,NA,NA,am,NA,NA,GNR,SNR,NA,NaN,NA
Fis-24496,NA,Chirolophis nugator,NA,NA,NA,NA,NA,NA,am,NA,NA,GNR,SNR,NA,NaN,NA
SLB-71422,LC,Chiroteuthis veranyi,176066,Unknown,LC,NA,NA,NA,am,0.0,NA,NA,NA,NA,NaN,0.0
Fis-24498,NA,Chitonotus pugetensis,NA,NA,NA,NA,NA,NA,am,NA,NA,GNR,SNR,NA,NaN,NA
Fis-24507,NA,Citharichthys sordidus,NA,NA,NA,NA,NA,NA,am,NA,NA,GNR,SNR,NA,NaN,NA
Fis-30787,NA,Citharichthys stigmaeus,NA,NA,NA,NA,NA,NA,am,NA,NA,GNR,SNR,NA,NaN,NA
W-Hyd-117425,NA,Cladonema radiatum,NA,NA,NA,NA,NA,NA,am,NA,NA,NA,NA,NA,NaN,NA
Fis-24510,NA,Clevelandia ios,NA,NA,NA,NA,NA,NA,am,NA,NA,G5,SNR,0.0,NaN,NA
W-Msc-156819,NA,Clinocardium ciliatum,NA,NA,NA,NA,NA,NA,am,NA,NA,NA,NA,NA,NaN,NA
W-Msc-381980,NA,Clinocardium nuttallii,NA,NA,NA,NA,NA,NA,am,NA,NA,NA,NA,NA,NaN,NA
Fis-24511,NA,Clinocottus acuticeps,NA,NA,NA,NA,NA,NA,am,NA,NA,G5,SNR,0.0,NaN,NA
Fis-24513,NA,Clinocottus embryum,NA,NA,NA,NA,NA,NA,am,NA,NA,GNR,SNR,NA,NaN,NA
Fis-24514,LC,Clinocottus globiceps,155094,Unknown,LC,NA,NA,NA,am,0.0,NA,GNR,SNR,NA,NaN,0.0
W-Msc-160204,NA,Clio recurva,NA,NA,NA,NA,NA,NA,am,NA,NA,NA,NA,NA,NaN,NA
Fis-153539,NA,Clupea pallasii,NA,NA,NA,NA,NA,NA,am,NA,NA,GNR,SNR,NA,NaN,NA
W-Hyd-117368,NA,Clytia hemisphaerica,NA,NA,NA,NA,NA,NA,am,NA,NA,NA,NA,NA,NaN,NA
W-Hyd-117370,NA,Clytia linearis,NA,NA,NA,NA,NA,NA,am,NA,NA,NA,NA,NA,NaN,NA
W-Hyd-117373,NA,Clytia paulensis,NA,NA,NA,NA,NA,NA,am,NA,NA,NA,NA,NA,NaN,NA
SLB-154625,NA,Colpomenia sinuosa,NA,NA,NA,NA,NA,NA,am,NA,NA,NA,NA,NA,NaN,NA
W-Hyd-117428,NA,Cordylophora caspia,NA,NA,NA,NA,NA,NA,am,NA,NA,NA,NA,NA,NaN,NA
W-Hyd-151860,NA,Coryne eximia,NA,NA,NA,NA,NA,NA,am,NA,NA,NA,NA,NA,NaN,NA
Hex-7312,NA,Cribrinopsis fernaldi,NA,NA,NA,NA,NA,NA,am,NA,NA,NA,NA,NA,NaN,NA
W-Ase-124154,NA,Crossaster papposus,NA,NA,NA,NA,NA,NA,am,NA,NA,NA,NA,NA,NaN,NA
Fis-24758,NA,Cryptacanthodes aleutensis,NA,NA,NA,NA,NA,NA,am,NA,NA,GNR,SNR,NA,NaN,NA
Fis-132060,NA,Cryptacanthodes giganteus,NA,NA,NA,NA,NA,NA,am,NA,NA,GNR,SNR,NA,NaN,NA
Fis-29877,NA,Cryptopsaras couesii,190067,Unknown,LC,NA,NA,NA,am,0.0,NA,NA,NA,NA,NaN,0.0
Fis-31240,NA,Cyclothone acclinidens,18252612,Stable,LC,NA,NA,NA,am,0.0,0.0,NA,NA,NA,NaN,0.0
Fis-29880,NA,Cyclothone braueri,198757,Stable,LC,NA,NA,NA,am,0.0,0.0,NA,NA,NA,NaN,0.0
Fis-23454,NA,Cyclothone microdon,190133,Stable,LC,NA,NA,NA,am,0.0,0.0,NA,NA,NA,NaN,0.0
Fis-23454,NA,Cyclothone microdon,194902,Unknown,LC,NA,NA,NA,am,0.0,NA,NA,NA,NA,NaN,0.0
Fis-32102,NA,Cyclothone pallida,18252619,Stable,LC,NA,NA,NA,am,0.0,0.0,GNR,SNR,NA,NaN,0.0
W-Msc-139478,NA,Cylichna occulta,NA,NA,NA,NA,NA,NA,am,NA,NA,NA,NA,NA,NaN,NA
Fis-29881,LC,Cymatogaster aggregata,192929,Stable,LC,NA,NA,NA,am,0.0,0.0,G5,SNR,0.0,NaN,0.0
URM-2-2765,NA,Cystodytes lobatus,NA,NA,NA,NA,NA,NA,am,NA,NA,NA,NA,NA,NaN,NA
Fis-30807,NA,Dasycottus setiger,NA,NA,NA,NA,NA,NA,am,NA,NA,GNR,SNR,NA,NaN,NA
ITS-Mam-180438,LC,Delphinus delphis,6336,Unknown,LC,MARINE_MAMMALS_update,6336,NA,iucn,0.0,NA,G5,SNA,0.0,NaN,0.0
W-Msc-139523,NA,Dendronotus frondosus,NA,NA,NA,NA,NA,NA,am,NA,NA,NA,NA,NA,NaN,NA
W-Msc-548245,NA,Dendronotus iris,NA,NA,NA,NA,NA,NA,am,NA,NA,NA,NA,NA,NaN,NA
Fis-32362,LC,Derichthys serpentinus,155093,Unknown,LC,NA,NA,NA,am,0.0,NA,NA,NA,NA,NaN,0.0
Hex-1985,NA,Diadumene cincta,NA,NA,NA,NA,NA,NA,am,NA,NA,NA,NA,NA,NaN,NA
SLB-97626,NA,Diadumene lineata,NA,NA,NA,NA,NA,NA,am,NA,NA,NA,NA,NA,NaN,NA
W-Msc-139557,NA,Diaphana minuta,NA,NA,NA,NA,NA,NA,am,NA,NA,NA,NA,NA,NaN,NA
W-Msc-536817,NA,Diaulula sandiegensis,NA,NA,NA,NA,NA,NA,am,NA,NA,NA,NA,NA,NaN,NA
W-Msc-367955,NA,Diodora aspera,NA,NA,NA,NA,NA,NA,am,NA,NA,NA,NA,NA,NaN,NA
Fis-26531,NA,Diogenichthys atlanticus,198614,Stable,LC,NA,NA,NA,am,0.0,0.0,NA,NA,NA,NaN,0.0
SLB-65013,NA,Diphyes bojani,NA,NA,NA,NA,NA,NA,am,NA,NA,NA,NA,NA,NaN,NA
W-Hyd-135420,NA,Diphyes dispar,NA,NA,NA,NA,NA,NA,am,NA,NA,NA,NA,NA,NaN,NA
Fis-27275,NA,Diretmoides pauciradiatus,21110056,Unknown,LC,NA,NA,NA,am,0.0,NA,NA,NA,NA,NaN,0.0
W-Msc-581837,NA,Dirona albolineata,NA,NA,NA,NA,NA,NA,am,NA,NA,NA,NA,NA,NaN,NA
Fis-32809,NT,Discopyge tschudii,44993,Decreasing,NT,NA,NA,NA,am,0.2,-0.5,NA,NA,NA,NaN,0.2
SLB-71465,LC,Discoteuthis discus,163256,Unknown,LC,NA,NA,NA,am,0.0,NA,NA,NA,NA,NaN,0.0
W-Msc-456584,NA,Discurria insessa,NA,NA,NA,NA,NA,NA,am,NA,NA,NA,NA,NA,NaN,NA
W-Bry-173982,NA,Disporella fimbriata,NA,NA,NA,NA,NA,NA,am,NA,NA,NA,NA,NA,NaN,NA
URM-2-2613,NA,Distaplia occidentalis,NA,NA,NA,NA,NA,NA,am,NA,NA,NA,NA,NA,NaN,NA
URM-2-2622,NA,Distaplia smithi,NA,NA,NA,NA,NA,NA,am,NA,NA,NA,NA,NA,NaN,NA
W-Msc-581816,NA,Doris montereyensis,NA,NA,NA,NA,NA,NA,am,NA,NA,NA,NA,NA,NaN,NA
W-Msc-574540,NA,Doryteuthis opalescens,NA,NA,NA,NA,NA,NA,am,NA,NA,NA,NA,NA,NaN,NA
W-Hyd-117887,NA,Dynamena disticha,NA,NA,NA,NA,NA,NA,am,NA,NA,NA,NA,NA,NaN,NA
W-Ech-158062,NA,Echinarachnius parma,NA,NA,NA,NA,NA,NA,am,NA,NA,NA,NA,NA,NaN,NA
Fis-31237,NA,Ectreposebastes imus,15622831,Unknown,LC,NA,NA,NA,am,0.0,NA,NA,NA,NA,NaN,0.0
SLB-71435,LC,Egea inermis,162909,Unknown,LC,NA,NA,NA,am,0.0,NA,NA,NA,NA,NaN,0.0
Fis-23484,NA,Electrona risso,198615,Unknown,LC,NA,NA,NA,am,0.0,NA,NA,NA,NA,NaN,0.0
Fis-29938,NA,Embiotoca lateralis,NA,NA,NA,NA,NA,NA,am,NA,NA,GNR,SNR,NA,NaN,NA
Fis-29948,LC,Engraulis mordax,183856,Stable,LC,NA,NA,NA,am,0.0,0.0,GNR,SNR,NA,NaN,0.0
Fis-24552,NA,Enophrys bison,NA,NA,NA,NA,NA,NA,am,NA,NA,GNR,SNR,NA,NaN,NA
W-Msc-140732,NA,Ensis directus,NA,NA,NA,NA,NA,NA,am,NA,NA,NA,NA,NA,NaN,NA
W-Msc-342305,NA,Enteroctopus dofleini,NA,NA,NA,NA,NA,NA,am,NA,NA,NA,NA,NA,NaN,NA
Fis-24555,LC,Eopsetta jordani,154977,Stable,LC,NA,NA,NA,am,0.0,0.0,GNR,SNR,NA,NaN,0.0
Hex-3898,NA,Epiactis prolifera,NA,NA,NA,NA,NA,NA,am,NA,NA,NA,NA,NA,NaN,NA
Fis-24018,DD,Eptatretus stoutii,196044,Decreasing,DD,NA,NA,NA,am,NA,-0.5,GNR,SNR,NA,NaN,NA
Rep-5181,CR,Eretmochelys imbricata,8005,Decreasing,CR,REPTILES_update,8005,NA,iucn,0.8,-0.5,NA,NA,NA,NaN,0.8
W-Hyd-117544,NA,Eudendrium capillare,NA,NA,NA,NA,NA,NA,am,NA,NA,NA,NA,NA,NaN,NA
URM-2-2829,NA,Eudistoma molle,NA,NA,NA,NA,NA,NA,am,NA,NA,NA,NA,NA,NaN,NA
W-Pol-333269,NA,Eudistylia polymorpha,NA,NA,NA,NA,NA,NA,am,NA,NA,NA,NA,NA,NaN,NA
W-Hyd-135423,NA,Eudoxoides mitra,NA,NA,NA,NA,NA,NA,am,NA,NA,NA,NA,NA,NaN,NA
Fis-24611,NA,Eumicrotremus orbis,NA,NA,NA,NA,NA,NA,am,NA,NA,GNR,SNR,NA,NaN,NA
W-Hol-529305,NA,Eupentacta quinquesemita,NA,NA,NA,NA,NA,NA,am,NA,NA,NA,NA,NA,NaN,NA
SLB-76350,NA,Euspira pallida,NA,NA,NA,NA,NA,NA,am,NA,NA,NA,NA,NA,NaN,NA
Fis-34804,NA,Eustomias dendriticus,NA,NA,NA,NA,NA,NA,am,NA,NA,NA,NA,NA,NaN,NA
NA,NA,Euthynnus pelamis,170310,Stable,LC,TUNAS_BILLFISHES,170310,NA,iucn,0.0,0.0,NA,NA,NA,NaN,0.0
W-Hyd-117517,NA,Eutonina indicans,NA,NA,NA,NA,NA,NA,am,NA,NA,NA,NA,NA,NaN,NA
Fis-30017,NA,Exocoetus obtusirostris,190163,Unknown,LC,NA,NA,NA,am,0.0,NA,NA,NA,NA,NaN,0.0
W-Pol-333453,NA,Exogone dispar,NA,NA,NA,NA,NA,NA,am,NA,NA,NA,NA,NA,NaN,NA
W-Pol-327981,NA,Exogone lourei,NA,NA,NA,NA,NA,NA,am,NA,NA,NA,NA,NA,NaN,NA
W-Pol-327988,NA,Exogone occidentalis,NA,NA,NA,NA,NA,NA,am,NA,NA,NA,NA,NA,NaN,NA
SLB-94465,NA,Falcidens longus,NA,NA,NA,NA,NA,NA,am,NA,NA,NA,NA,NA,NaN,NA
W-Bry-111418,NA,Fenestrulina malusii,NA,NA,NA,NA,NA,NA,am,NA,NA,NA,NA,NA,NaN,NA
W-Msc-558400,NA,Flabellina iodinea,NA,NA,NA,NA,NA,NA,am,NA,NA,NA,NA,NA,NaN,NA
W-Msc-156716,NA,Flabellina salmonacea,NA,NA,NA,NA,NA,NA,am,NA,NA,NA,NA,NA,NaN,NA
W-Msc-153507,NA,Flabellina verrucosa,NA,NA,NA,NA,NA,NA,am,NA,NA,NA,NA,NA,NaN,NA
SLB-65046,NA,Forskalia edwardsi,NA,NA,NA,NA,NA,NA,am,NA,NA,NA,NA,NA,NaN,NA
URM-2-1797,NA,Fritillaria haplostoma,NA,NA,NA,NA,NA,NA,am,NA,NA,NA,NA,NA,NaN,NA
W-Oct-128506,NA,Funiculina quadrangularis,NA,NA,NA,NA,NA,NA,am,NA,NA,NA,NA,NA,NaN,NA
W-Sca-344321,NA,Gadila aberrans,NA,NA,NA,NA,NA,NA,am,NA,NA,NA,NA,NA,NaN,NA
W-Sca-344375,NA,Gadila tolmiei,NA,NA,NA,NA,NA,NA,am,NA,NA,NA,NA,NA,NaN,NA
Fis-29393,NA,Gadus macrocephalus,NA,NA,NA,NA,NA,NA,am,NA,NA,GNR,SNR,NA,NaN,NA
Fis-23129,NT,Galeocerdo cuvier,39378,Unknown,NT,NA,NA,NA,am,0.2,NA,NA,NA,NA,NaN,0.2
SLB-72744,NA,Gastropteron pacificum,NA,NA,NA,NA,NA,NA,am,NA,NA,NA,NA,NA,NaN,NA
SLB-133119,NA,Gelidium pusillum,NA,NA,NA,NA,NA,NA,am,NA,NA,NA,NA,NA,NaN,NA
ITS-96102,NA,Gennadas scutatus,NA,NA,NA,NA,NA,NA,am,NA,NA,NA,NA,NA,NaN,NA
W-Ase-559194,NA,Gephyreaster swifti,NA,NA,NA,NA,NA,NA,am,NA,NA,NA,NA,NA,NaN,NA
ITS-657029,NA,Gibberosus myersi,NA,NA,NA,NA,NA,NA,am,NA,NA,NA,NA,NA,NaN,NA
Fis-30043,NA,Gibbonsia montereyensis,178902,Unknown,LC,NA,NA,NA,am,0.0,NA,GNR,SNR,NA,NaN,0.0
W-Bch-440384,NA,Glebocarcinus oregonensis,NA,NA,NA,NA,NA,NA,am,NA,NA,NA,NA,NA,NaN,NA
ITS-Mam-180466,DD,Globicephala macrorhynchus,9249,Unknown,DD,MARINE_MAMMALS_update,9249,NA,iucn,NA,NA,G5,SU,0.0,NaN,NA
Fis-10768,NA,Glyptocephalus zachirus,NA,NA,NA,NA,NA,NA,am,NA,NA,GNR,SNR,NA,NaN,NA
W-Iso-260464,NA,Gnorimosphaeroma oregonensis,NA,NA,NA,NA,NA,NA,am,NA,NA,NA,NA,NA,NaN,NA
Fis-24636,NA,Gobiesox maeandricus,NA,NA,NA,NA,NA,NA,am,NA,NA,GNR,SNR,NA,NaN,NA
SLB-71523,LC,Gonatus onyx,162950,Unknown,LC,NA,NA,NA,am,0.0,NA,NA,NA,NA,NaN,0.0
W-Pol-130140,NA,Goniada maculata,NA,NA,NA,NA,NA,NA,am,NA,NA,NA,NA,NA,NaN,NA
W-Oph-124969,NA,Gorgonocephalus eucnemis,NA,NA,NA,NA,NA,NA,am,NA,NA,NA,NA,NA,NaN,NA
SLB-64110,NA,Grammaria abietina,NA,NA,NA,NA,NA,NA,am,NA,NA,NA,NA,NA,NaN,NA
SLB-154005,NA,Grateloupia doryphora,NA,NA,NA,NA,NA,NA,am,NA,NA,NA,NA,NA,NaN,NA
SLB-132739,NA,Grateloupia filicina,NA,NA,NA,NA,NA,NA,am,NA,NA,NA,NA,NA,NaN,NA
SLB-190538,LC,Grimalditeuthis bonplandii,NA,NA,LC,NA,NA,NA,am,0.0,NA,NA,NA,NA,NaN,0.0
Fis-13152,NA,Guentherus altivela,13462250,Unknown,LC,NA,NA,NA,am,0.0,NA,NA,NA,NA,NaN,0.0
Hex-5992,NA,Halcampoides purpurea,NA,NA,NA,NA,NA,NA,am,NA,NA,NA,NA,NA,NaN,NA
W-Hyd-157947,NA,Halecium beanii,NA,NA,NA,NA,NA,NA,am,NA,NA,NA,NA,NA,NaN,NA
W-Hyd-117598,NA,Halecium nanum,NA,NA,NA,NA,NA,NA,am,NA,NA,NA,NA,NA,NaN,NA
W-Hyd-117606,NA,Halecium tenellum,NA,NA,NA,NA,NA,NA,am,NA,NA,NA,NA,NA,NaN,NA
W-Por-157391,NA,Haliclona permollis,NA,NA,NA,NA,NA,NA,am,NA,NA,NA,NA,NA,NaN,NA
SLB-70957,NA,Haliphron atlanticus,163207,Unknown,LC,NA,NA,NA,am,0.0,NA,NA,NA,NA,NaN,0.0
URM-2-3561,NA,Halocynthia igaboja,NA,NA,NA,NA,NA,NA,am,NA,NA,NA,NA,NA,NaN,NA
W-Hyd-117699,NA,Hebella scandens,NA,NA,NA,NA,NA,NA,am,NA,NA,NA,NA,NA,NaN,NA
Fis-24668,NA,Hemilepidotus hemilepidotus,NA,NA,NA,NA,NA,NA,am,NA,NA,GNR,SNR,NA,NaN,NA
Fis-115192,NA,Hemilepidotus spinosus,NA,NA,NA,NA,NA,NA,am,NA,NA,GNR,SNR,NA,NaN,NA
W-Ase-123974,NA,Henricia sanguinolenta,NA,NA,NA,NA,NA,NA,am,NA,NA,NA,NA,NA,NaN,NA
W-Msc-367883,NA,Hermissenda crassicornis,NA,NA,NA,NA,NA,NA,am,NA,NA,NA,NA,NA,NaN,NA
W-Pol-129884,NA,Heteromastus filiformis,NA,NA,NA,NA,NA,NA,am,NA,NA,NA,NA,NA,NaN,NA
Fis-24672,NA,Hexagrammos decagrammus,NA,NA,NA,NA,NA,NA,am,NA,NA,GNR,SNR,NA,NaN,NA
Fis-30817,NA,Hexagrammos stelleri,NA,NA,NA,NA,NA,NA,am,NA,NA,GNR,SNR,NA,NaN,NA
Fis-23157,NT,Hexanchus griseus,10030,Unknown,NT,NA,NA,NA,am,0.2,NA,GNR,SNR,NA,NaN,0.2
W-Ase-254900,NA,Hippasteria spinosa,NA,NA,NA,NA,NA,NA,am,NA,NA,NA,NA,NA,NaN,NA
Fis-35686,LC,Hippoglossina macrops,183761,Unknown,LC,NA,NA,NA,am,0.0,NA,NA,NA,NA,NaN,0.0
Fis-29417,NA,Hippoglossoides elassodon,NA,NA,NA,NA,NA,NA,am,NA,NA,GNR,SNR,NA,NaN,NA
W-Hyd-135449,NA,Hippopodius hippopus,NA,NA,NA,NA,NA,NA,am,NA,NA,NA,NA,NA,NaN,NA
Fis-28112,NA,Holtbyrnia innesi,21104612,Unknown,LC,NA,NA,NA,am,0.0,NA,NA,NA,NA,NaN,0.0
Fis-31166,NA,Hoplostethus mediterraneus,198579,Unknown,LC,NA,NA,NA,am,0.0,NA,NA,NA,NA,NaN,0.0
W-Pol-131009,NA,Hydroides norvegicus,NA,NA,NA,NA,NA,NA,am,NA,NA,NA,NA,NA,NaN,NA
Fis-24068,LC,Hydrolagus colliei,60191,Stable,LC,NA,NA,NA,am,0.0,0.0,GNR,SNR,NA,NaN,0.0
Fis-25165,NA,Hygophum reinhardtii,15598887,Unknown,LC,NA,NA,NA,am,0.0,NA,NA,NA,NA,NaN,0.0
Fis-30134,NA,Hyperprosopon argenteum,NA,NA,NA,NA,NA,NA,am,NA,NA,GNR,SNR,NA,NaN,NA
Fis-22880,NA,Hypomesus pretiosus,NA,NA,NA,NA,NA,NA,am,NA,NA,G5,SNR,0.0,NaN,NA
SLB-111574,NA,Hypsicomus phaeotaenia,NA,NA,NA,NA,NA,NA,am,NA,NA,NA,NA,NA,NaN,NA
Fis-30821,NA,Icelinus borealis,NA,NA,NA,NA,NA,NA,am,NA,NA,GNR,SNR,NA,NaN,NA
Fis-30822,NA,Icelinus burchami,NA,NA,NA,NA,NA,NA,am,NA,NA,GNR,SNR,NA,NaN,NA
Fis-30824,LC,Icelinus filamentosus,155216,Unknown,LC,NA,NA,NA,am,0.0,NA,GNR,SNR,NA,NaN,0.0
Fis-30827,NA,Icelinus tenuis,NA,NA,NA,NA,NA,NA,am,NA,NA,GNR,SNR,NA,NaN,NA
SLB-141400,NA,Iridaea cordata,NA,NA,NA,NA,NA,NA,am,NA,NA,NA,NA,NA,NaN,NA
W-Msc-140135,NA,Ischnochiton albus,NA,NA,NA,NA,NA,NA,am,NA,NA,NA,NA,NA,NaN,NA
Fis-24715,NA,Isopsetta isolepis,NA,NA,NA,NA,NA,NA,am,NA,NA,GNR,SNR,NA,NaN,NA
Fis-29423,VU,Isurus paucus,60225,Decreasing,VU,NA,NA,NA,am,0.4,-0.5,NA,NA,NA,NaN,0.4
W-Msc-138849,NA,Japetella diaphana,162986,Unknown,LC,NA,NA,NA,am,0.0,NA,NA,NA,NA,NaN,0.0
Fis-30830,NA,Jordania zonope,NA,NA,NA,NA,NA,NA,am,NA,NA,GNR,SNR,NA,NaN,NA
W-Msc-140161,NA,Kellia suborbicularis,NA,NA,NA,NA,NA,NA,am,NA,NA,NA,NA,NA,NaN,NA
ITS-Mam-180491,DD,Kogia breviceps,11047,Unknown,DD,NA,NA,NA,am,NA,NA,G4,SNA,0.2,NaN,NA
W-Oct-128512,NA,Kophobelemnon stelliferum,NA,NA,NA,NA,NA,NA,am,NA,NA,NA,NA,NA,NaN,NA
W-Msc-343681,NA,Laevipilina hyalina,NA,NA,NA,NA,NA,NA,am,NA,NA,NA,NA,NA,NaN,NA
Fis-23580,NA,Lampris guttatus,195038,Unknown,LC,NA,NA,NA,am,0.0,NA,GNR,SNR,NA,NaN,0.0
W-Pol-131128,NA,Laonice cirrata,NA,NA,NA,NA,NA,NA,am,NA,NA,NA,NA,NA,NaN,NA
ITS-176808,LC,Larus hyperboreus,22694343,Stable,LC,BOTW,22694343,NA,iucn-bli,0.0,0.0,G5,SNRM,0.0,NaN,0.0
ITS-176817,LC,Larus occidentalis,22694337,Increasing,LC,BOTW,22694337,NA,iucn-bli,0.0,0.5,G5,SUN,0.0,NaN,0.0
ITS-176839,LC,Larus philadelphia,22694432,Increasing,LC,BOTW,22694432,NA,iucn-bli,0.0,0.5,NA,NA,NA,NaN,0.0
NA,NA,Larus smithsonianus,62030590,Decreasing,LC,BOTW,62030590,NA,iucn-bli,0.0,-0.5,NA,NA,NA,NaN,0.0
ITS-96215,NA,Leander tenuicornis,NA,NA,NA,NA,NA,NA,am,NA,NA,NA,NA,NA,NaN,NA
SLB-65022,NA,Lensia campanella,NA,NA,NA,NA,NA,NA,am,NA,NA,NA,NA,NA,NaN,NA
W-Hyd-287252,NA,Lensia challengeri,NA,NA,NA,NA,NA,NA,am,NA,NA,NA,NA,NA,NaN,NA
W-Hyd-135427,NA,Lensia cossack,NA,NA,NA,NA,NA,NA,am,NA,NA,NA,NA,NA,NaN,NA
W-Hyd-135433,NA,Lensia hotspur,NA,NA,NA,NA,NA,NA,am,NA,NA,NA,NA,NA,NaN,NA
Fis-23582,NA,Lepidocybium flavobrunneum,NA,NA,NA,NA,NA,NA,am,NA,NA,NA,NA,NA,NaN,NA
Fis-24728,NA,Lepidogobius lepidus,NA,NA,NA,NA,NA,NA,am,NA,NA,GNR,SNR,NA,NaN,NA
Fis-55090,NA,Lepidopsetta bilineata,NA,NA,NA,NA,NA,NA,am,NA,NA,GNR,SNR,NA,NaN,NA
W-Msc-386048,NA,Lepidozona mertensii,NA,NA,NA,NA,NA,NA,am,NA,NA,NA,NA,NA,NaN,NA
Fis-49057,NA,Leptoclinus maculatus,NA,NA,NA,NA,NA,NA,am,NA,NA,GNR,SNR,NA,NaN,NA
Fis-30832,NA,Leptocottus armatus,202670,Stable,LC,NA,NA,NA,am,0.0,0.0,G5,SNR,0.0,NaN,0.0
Fis-28135,LC,Lestidiops ringens,154635,Unknown,LC,NA,NA,NA,am,0.0,NA,GNR,SNR,NA,NaN,0.0
Fis-52940,NA,Lestidiops sphyraenopsis,NA,NA,NA,NA,NA,NA,am,NA,NA,NA,NA,NA,NaN,NA
URM-M-208,NA,Leucothea pulchra,NA,NA,NA,NA,NA,NA,am,NA,NA,NA,NA,NA,NaN,NA
W-Msc-140223,NA,Limacina helicina,NA,NA,NA,NA,NA,NA,am,NA,NA,NA,NA,NA,NaN,NA
W-Msc-544977,NA,Limifossor fratula,NA,NA,NA,NA,NA,NA,am,NA,NA,NA,NA,NA,NaN,NA
W-Iso-118917,NA,Limnoria lignorum,NA,NA,NA,NA,NA,NA,am,NA,NA,NA,NA,NA,NaN,NA
W-Msc-341818,LC,Liocranchia reinhardti,163218,Unknown,LC,NA,NA,NA,am,0.0,NA,NA,NA,NA,NaN,0.0
Fis-24744,NA,Liparis callyodon,NA,NA,NA,NA,NA,NA,am,NA,NA,GNR,SNR,NA,NaN,NA
Fis-54902,NA,Lipariscus nanus,NA,NA,NA,NA,NA,NA,am,NA,NA,GNR,SNR,NA,NaN,NA
Fis-30834,NA,Liparis cyclopus,NA,NA,NA,NA,NA,NA,am,NA,NA,GNR,SNR,NA,NaN,NA
Fis-30836,NA,Liparis dennyi,NA,NA,NA,NA,NA,NA,am,NA,NA,GNR,SNR,NA,NaN,NA
Fis-24745,NA,Liparis florae,NA,NA,NA,NA,NA,NA,am,NA,NA,GNR,SNR,NA,NaN,NA
Fis-30837,NA,Liparis fucensis,NA,NA,NA,NA,NA,NA,am,NA,NA,GNR,SNR,NA,NaN,NA
Fis-30840,NA,Liparis mucosus,NA,NA,NA,NA,NA,NA,am,NA,NA,GNR,SNR,NA,NaN,NA
Fis-30841,NA,Liparis pulchellus,NA,NA,NA,NA,NA,NA,am,NA,NA,GNR,SNR,NA,NaN,NA
Fis-24746,NA,Liparis rutteri,NA,NA,NA,NA,NA,NA,am,NA,NA,GNR,SNR,NA,NaN,NA
W-Msc-225182,NA,Lithophaga aristata,NA,NA,NA,NA,NA,NA,am,NA,NA,NA,NA,NA,NaN,NA
Fis-23605,NA,Lobianchia gemellarii,190425,Unknown,LC,NA,NA,NA,am,0.0,NA,NA,NA,NA,NaN,0.0
W-Pol-131499,NA,Loimia medusa,NA,NA,NA,NA,NA,NA,am,NA,NA,NA,NA,NA,NaN,NA
W-Ase-292719,NA,Lophaster furcilliger,NA,NA,NA,NA,NA,NA,am,NA,NA,NA,NA,NA,NaN,NA
URM-Cn-5177,NA,Lophelia pertusa,NA,NA,NA,NA,NA,NA,am,NA,NA,NA,NA,NA,NaN,NA
ITS-97950,NA,Lopholithodes mandtii,NA,NA,NA,NA,NA,NA,am,NA,NA,NA,NA,NA,NaN,NA
W-Pol-130248,NA,Lumbrineris latreilli,NA,NA,NA,NA,NA,NA,am,NA,NA,NA,NA,NA,NaN,NA
Fis-24750,NA,Lumpenella longirostris,NA,NA,NA,NA,NA,NA,am,NA,NA,GNR,SNR,NA,NaN,NA
Fis-154605,NA,Lumpenopsis hypochroma,NA,NA,NA,NA,NA,NA,am,NA,NA,NA,NA,NA,NaN,NA
Fis-30250,NA,Lumpenus sagitta,NA,NA,NA,NA,NA,NA,am,NA,NA,GNR,SNR,NA,NaN,NA
Fis-30255,NA,Luvarus imperialis,190116,Unknown,LC,NA,NA,NA,am,0.0,NA,GNR,SNR,NA,NaN,0.0
Fis-30256,NA,Lycodapus fierasfer,NA,NA,NA,NA,NA,NA,am,NA,NA,GNR,SNR,NA,NaN,NA
Fis-30257,NA,Lycodapus mandibularis,NA,NA,NA,NA,NA,NA,am,NA,NA,GNR,SNR,NA,NaN,NA
Fis-30258,NA,Lycodapus parviceps,NA,NA,NA,NA,NA,NA,am,NA,NA,GNR,SNR,NA,NaN,NA
Fis-30259,NA,Lycodes brevipes,NA,NA,NA,NA,NA,NA,am,NA,NA,GNR,SNR,NA,NaN,NA
Fis-24432,NA,Lycodes cortezianus,NA,NA,NA,NA,NA,NA,am,NA,NA,GNR,SNR,NA,NaN,NA
Fis-30260,NA,Lycodes diapterus,NA,NA,NA,NA,NA,NA,am,NA,NA,GNR,SNR,NA,NaN,NA
Fis-14540,NA,Lycodes pacificus,NA,NA,NA,NA,NA,NA,am,NA,NA,GNR,SNR,NA,NaN,NA
Fis-30263,NA,Lycodes palearis,NA,NA,NA,NA,NA,NA,am,NA,NA,GNR,SNR,NA,NaN,NA
Fis-24759,LC,Lyopsetta exilis,154845,Stable,LC,NA,NA,NA,am,0.0,0.0,GNR,SNR,NA,NaN,0.0
W-Pol-130069,NA,Lysidice collaris,NA,NA,NA,NA,NA,NA,am,NA,NA,NA,NA,NA,NaN,NA
W-Msc-141579,NA,Macoma balthica,NA,NA,NA,NA,NA,NA,am,NA,NA,NA,NA,NA,NaN,NA
SLB-145429,NA,Macrocystis pyrifera,NA,NA,NA,NA,NA,NA,am,NA,NA,NA,NA,NA,NaN,NA
Fis-47643,NA,Magnisudis atlantica,13485635,Unknown,LC,NA,NA,NA,am,0.0,NA,GNR,SNR,NA,NaN,0.0
Fis-30843,NA,Malacocottus kincaidi,NA,NA,NA,NA,NA,NA,am,NA,NA,GNR,SNR,NA,NaN,NA
Fis-34794,NA,Malacocottus zonurus,NA,NA,NA,NA,NA,NA,am,NA,NA,GNR,SNR,NA,NaN,NA
W-Pol-130305,NA,Maldane sarsi,NA,NA,NA,NA,NA,NA,am,NA,NA,NA,NA,NA,NaN,NA
Fis-22900,NA,Mallotus villosus,NA,NA,NA,NA,NA,NA,am,NA,NA,G5,SNR,0.0,NaN,NA
URM-Cn-10292,NA,Manania gwilliami,NA,NA,NA,NA,NA,NA,am,NA,NA,NA,NA,NA,NaN,NA
W-Ase-242160,NA,Mediaster aequalis,NA,NA,NA,NA,NA,NA,am,NA,NA,NA,NA,NA,NaN,NA
W-Msc-141983,NA,Megayoldia thraciaeformis,NA,NA,NA,NA,NA,NA,am,NA,NA,NA,NA,NA,NaN,NA
NA,NA,Melanitta deglandi,22734194,Decreasing,LC,BOTW,22734194,NA,iucn-bli,0.0,-0.5,NA,NA,NA,NaN,0.0
Fis-64697,NA,Melanocetus johnsonii,18127840,Unknown,LC,NA,NA,NA,am,0.0,NA,NA,NA,NA,NaN,0.0
Fis-139729,NA,Melanolagus bericoides,190485,Unknown,LC,NA,NA,NA,am,0.0,NA,NA,NA,NA,NaN,0.0
Fis-34827,NA,Melanostomias bartonbeani,18257303,Unknown,LC,NA,NA,NA,am,0.0,NA,NA,NA,NA,NaN,0.0
W-Hyd-117743,NA,Melicertum octocostatum,NA,NA,NA,NA,NA,NA,am,NA,NA,NA,NA,NA,NaN,NA
Fis-22908,LC,Merluccius productus,183411,Unknown,LC,NA,NA,NA,am,0.0,NA,GNR,SNR,NA,NaN,0.0
ITS-Mam-180512,DD,Mesoplodon carlhubbsi,13243,Unknown,DD,MARINE_MAMMALS_update,13243,NA,iucn,NA,NA,G3Q,SU,NA,NaN,NA
ITS-Mam-180517,DD,Mesoplodon densirostris,13244,Unknown,DD,NA,NA,NA,am,NA,NA,NA,NA,NA,NaN,NA
ITS-Mam-180514,DD,Mesoplodon stejnegeri,13252,Unknown,DD,MARINE_MAMMALS_update,13252,NA,iucn,NA,NA,G3,SU,0.4,NaN,NA
W-Bch-440388,NA,Metacarcinus magister,NA,NA,NA,NA,NA,NA,am,NA,NA,NA,NA,NA,NaN,NA
URM-2-3862,NA,Metandrocarpa taylori,NA,NA,NA,NA,NA,NA,am,NA,NA,NA,NA,NA,NaN,NA
Hex-1267,NA,Metridium farcimen,NA,NA,NA,NA,NA,NA,am,NA,NA,NA,NA,NA,NaN,NA
Hex-5236,NA,Metridium senile,NA,NA,NA,NA,NA,NA,am,NA,NA,NA,NA,NA,NaN,NA
Fis-23635,NA,Microgadus proximus,NA,NA,NA,NA,NA,NA,am,NA,NA,G5,SNR,0.0,NaN,NA
SLB-66824,NA,Microporina borealis,NA,NA,NA,NA,NA,NA,am,NA,NA,NA,NA,NA,NaN,NA
Fis-24786,NA,Microstomus pacificus,NA,NA,NA,NA,NA,NA,am,NA,NA,GNR,SNR,NA,NaN,NA
W-Hyd-117970,NA,Modeeria rotunda,NA,NA,NA,NA,NA,NA,am,NA,NA,NA,NA,NA,NaN,NA
W-Msc-420705,NA,Modiolus americanus,NA,NA,NA,NA,NA,NA,am,NA,NA,NA,NA,NA,NaN,NA
URM-2-3412,NA,Molgula manhattensis,NA,NA,NA,NA,NA,NA,am,NA,NA,NA,NA,NA,NaN,NA
ITS-656756,NA,Monocorophium acherusicum,NA,NA,NA,NA,NA,NA,am,NA,NA,NA,NA,NA,NaN,NA
W-Hyd-117635,NA,Monostaechas quadridens,NA,NA,NA,NA,NA,NA,am,NA,NA,NA,NA,NA,NaN,NA
W-Hyd-135441,NA,Muggiaea atlantica,NA,NA,NA,NA,NA,NA,am,NA,NA,NA,NA,NA,NaN,NA
Fis-29454,LC,Mugil cephalus,135567,Stable,LC,NA,NA,NA,am,0.0,0.0,NA,NA,NA,NaN,0.0
ITS-97966,NA,Munida quadrispina,NA,NA,NA,NA,NA,NA,am,NA,NA,NA,NA,NA,NaN,NA
W-Msc-140472,NA,Musculus discors,NA,NA,NA,NA,NA,NA,am,NA,NA,NA,NA,NA,NaN,NA
W-Msc-140474,NA,Musculus niger,NA,NA,NA,NA,NA,NA,am,NA,NA,NA,NA,NA,NaN,NA
W-Msc-140430,NA,Mya arenaria,NA,NA,NA,NA,NA,NA,am,NA,NA,NA,NA,NA,NaN,NA
Fis-24808,NA,Myoxocephalus polyacanthocephalus,NA,NA,NA,NA,NA,NA,am,NA,NA,GNR,SNR,NA,NaN,NA
W-Msc-140480,NA,Mytilus edulis,NA,NA,NA,NA,NA,NA,am,NA,NA,NA,NA,NA,NaN,NA
W-Msc-140481,NA,Mytilus galloprovincialis,NA,NA,NA,NA,NA,NA,am,NA,NA,NA,NA,NA,NaN,NA
SLB-64991,NA,Nanomia bijuga,NA,NA,NA,NA,NA,NA,am,NA,NA,NA,NA,NA,NaN,NA
Fis-23192,NA,Naucrates ductor,190452,Stable,LC,NA,NA,NA,am,0.0,0.0,GNR,SNR,NA,NaN,0.0
Fis-24812,NA,Nautichthys oculofasciatus,NA,NA,NA,NA,NA,NA,am,NA,NA,GNR,SNR,NA,NaN,NA
Fis-30847,NA,Nautichthys robustus,NA,NA,NA,NA,NA,NA,am,NA,NA,GNR,SNR,NA,NaN,NA
SLB-113180,NA,Neanthes caudata,NA,NA,NA,NA,NA,NA,am,NA,NA,NA,NA,NA,NaN,NA
WBD-Eup-49,NA,Nematobrachion flexipes,NA,NA,NA,NA,NA,NA,am,NA,NA,NA,NA,NA,NaN,NA
ITS-552848,NA,Neotrypaea gigas,NA,NA,NA,NA,NA,NA,am,NA,NA,NA,NA,NA,NaN,NA
SLB-88177,NA,Nephasoma minutum,NA,NA,NA,NA,NA,NA,am,NA,NA,NA,NA,NA,NaN,NA
Fis-32421,NA,Nesiarchus nasutus,18158583,Stable,LC,NA,NA,NA,am,0.0,0.0,NA,NA,NA,NaN,0.0
W-Pol-131508,NA,Nicolea zostericola,NA,NA,NA,NA,NA,NA,am,NA,NA,NA,NA,NA,NaN,NA
Fis-24151,NA,Nomeus gronovii,16545183,Unknown,LC,NA,NA,NA,am,0.0,NA,NA,NA,NA,NaN,0.0
Fis-30362,NA,Notacanthus chemnitzii,195852,Unknown,LC,NA,NA,NA,am,0.0,NA,GNR,SNR,NA,NaN,0.0
W-Acl-142698,NA,Notocelis gullmarensis,NA,NA,NA,NA,NA,NA,am,NA,NA,NA,NA,NA,NaN,NA
Fis-25178,NA,Notolychnus valdiviae,190261,Stable,LC,NA,NA,NA,am,0.0,0.0,NA,NA,NA,NaN,0.0
Fis-24153,DD,Notorynchus cepedianus,39324,Unknown,DD,NA,NA,NA,am,NA,NA,GNR,SNR,NA,NaN,NA
NA,NA,Numenius phaeopus,22693178,Decreasing,LC,BOTW,22693178,NA,iucn-bli,0.0,-0.5,G5,SUN,0.0,NaN,0.0
WBD-Eup-61,NA,Nyctiphanes simplex,NA,NA,NA,NA,NA,NA,am,NA,NA,NA,NA,NA,NaN,NA
URM-2-788,NA,Nymphon grossipes,NA,NA,NA,NA,NA,NA,am,NA,NA,NA,NA,NA,NaN,NA
URM-2-885,NA,Nymphon pixellae,NA,NA,NA,NA,NA,NA,am,NA,NA,NA,NA,NA,NaN,NA
W-Hyd-117385,NA,Obelia bidentata,NA,NA,NA,NA,NA,NA,am,NA,NA,NA,NA,NA,NaN,NA
W-Hyd-117386,NA,Obelia dichotoma,NA,NA,NA,NA,NA,NA,am,NA,NA,NA,NA,NA,NaN,NA
W-Hyd-117388,NA,Obelia geniculata,NA,NA,NA,NA,NA,NA,am,NA,NA,NA,NA,NA,NaN,NA
W-Msc-342023,NA,Octopus rubescens,NA,NA,NA,NA,NA,NA,am,NA,NA,NA,NA,NA,NaN,NA
Fis-30850,NA,Odontopyxis trispinosa,NA,NA,NA,NA,NA,NA,am,NA,NA,GNR,SNR,NA,NaN,NA
W-Msc-533845,NA,Okenia plana,NA,NA,NA,NA,NA,NA,am,NA,NA,NA,NA,NA,NaN,NA
Fis-30851,NA,Oligocottus maculosus,NA,NA,NA,NA,NA,NA,am,NA,NA,GNR,SNR,NA,NaN,NA
Fis-24825,NA,Oligocottus rimensis,NA,NA,NA,NA,NA,NA,am,NA,NA,GNR,SNR,NA,NaN,NA
Fis-30852,NA,Oligocottus snyderi,NA,NA,NA,NA,NA,NA,am,NA,NA,GNR,SNR,NA,NaN,NA
W-Msc-181382,LC,Ommastrephes bartramii,163163,Unknown,LC,NA,NA,NA,am,0.0,NA,NA,NA,NA,NaN,0.0
SLB-77640,NA,Onchidoris bilamellata,NA,NA,NA,NA,NA,NA,am,NA,NA,NA,NA,NA,NaN,NA
W-Msc-140649,DD,Onychoteuthis banksii,163375,Unknown,DD,NA,NA,NA,am,NA,NA,NA,NA,NA,NaN,NA
SLB-75788,NA,Opalia borealis,NA,NA,NA,NA,NA,NA,am,NA,NA,NA,NA,NA,NaN,NA
Fis-29457,NA,Ophiodon elongatus,NA,NA,NA,NA,NA,NA,am,NA,NA,GNR,SNR,NA,NaN,NA
W-Oph-125125,NA,Ophiopholis aculeata,NA,NA,NA,NA,NA,NA,am,NA,NA,NA,NA,NA,NaN,NA
W-Oph-244022,NA,Ophiopteris papillosa,NA,NA,NA,NA,NA,NA,am,NA,NA,NA,NA,NA,NaN,NA
W-Oph-245736,NA,Ophiura sarsi,NA,NA,NA,NA,NA,NA,am,NA,NA,NA,NA,NA,NaN,NA
ITS-96142,NA,Oplophorus gracilirostris,NA,NA,NA,NA,NA,NA,am,NA,NA,NA,NA,NA,NaN,NA
W-Ase-255048,NA,Orthasterias koehleri,NA,NA,NA,NA,NA,NA,am,NA,NA,NA,NA,NA,NaN,NA
Fis-30854,NA,Oxylebius pictus,NA,NA,NA,NA,NA,NA,am,NA,NA,GNR,SNR,NA,NaN,NA
ITS-96982,NA,Pandalus danae,NA,NA,NA,NA,NA,NA,am,NA,NA,NA,NA,NA,NaN,NA
ITS-96981,NA,Pandalus hypsinotus,NA,NA,NA,NA,NA,NA,am,NA,NA,NA,NA,NA,NaN,NA
SLB-68942,NA,Panopea abrupta,NA,NA,NA,NA,NA,NA,am,NA,NA,NA,NA,NA,NaN,NA
W-Hol-225804,NA,Paracaudina chilensis,NA,NA,NA,NA,NA,NA,am,NA,NA,NA,NA,NA,NaN,NA
Fis-30856,NA,Paraliparis deani,NA,NA,NA,NA,NA,NA,am,NA,NA,GNR,SNR,NA,NaN,NA
W-Pol-131140,NA,Paraprionospio pinnata,NA,NA,NA,NA,NA,NA,am,NA,NA,NA,NA,NA,NaN,NA
W-Cha-105440,NA,Parasagitta elegans,NA,NA,NA,NA,NA,NA,am,NA,NA,NA,NA,NA,NaN,NA
W-Cha-105441,NA,Parasagitta friderici,NA,NA,NA,NA,NA,NA,am,NA,NA,NA,NA,NA,NaN,NA
NA,NA,Parastichopus californicus,180436,Stable,LC,SEACUCUMBERS,180436,NA,iucn,0.0,0.0,NA,NA,NA,NaN,0.0
Fis-30857,NA,Paricelinus hopliticus,NA,NA,NA,NA,NA,NA,am,NA,NA,GNR,SNR,NA,NaN,NA
Fis-30858,NA,Parophrys vetulus,NA,NA,NA,NA,NA,NA,am,NA,NA,GNR,SNR,NA,NaN,NA
ITS-96166,NA,Pasiphaea multidentata,NA,NA,NA,NA,NA,NA,am,NA,NA,NA,NA,NA,NaN,NA
ITS-96163,NA,Pasiphaea pacifica,NA,NA,NA,NA,NA,NA,am,NA,NA,NA,NA,NA,NaN,NA
ITS-96165,NA,Pasiphaea tarda,NA,NA,NA,NA,NA,NA,am,NA,NA,NA,NA,NA,NaN,NA
W-Msc-393720,NA,Patinopecten caurinus,NA,NA,NA,NA,NA,NA,am,NA,NA,NA,NA,NA,NaN,NA
URM-2-4194,NA,Pegea confoederata,NA,NA,NA,NA,NA,NA,am,NA,NA,NA,NA,NA,NaN,NA
NA,NA,Pelamys chiliensis,170352,Decreasing,LC,TUNAS_BILLFISHES,170352,NA,iucn,0.0,-0.5,NA,NA,NA,NaN,0.0
URM-2-3872,NA,Pelonaia corrugata,NA,NA,NA,NA,NA,NA,am,NA,NA,NA,NA,NA,NaN,NA
W-Hyd-117802,NA,Pennaria disticha,NA,NA,NA,NA,NA,NA,am,NA,NA,NA,NA,NA,NaN,NA
W-Hol-529595,NA,Pentamera chiloensis,NA,NA,NA,NA,NA,NA,am,NA,NA,NA,NA,NA,NaN,NA
W-Iso-261982,NA,Pentidotea wosnesenskii,NA,NA,NA,NA,NA,NA,am,NA,NA,NA,NA,NA,NaN,NA
Fis-23215,LC,Peprilus simillimus,183337,Unknown,LC,NA,NA,NA,am,0.0,NA,GNR,SNR,NA,NaN,0.0
SLB-80096,NA,Peracle reticulata,NA,NA,NA,NA,NA,NA,am,NA,NA,NA,NA,NA,NaN,NA
W-Pol-130113,NA,Pherusa plumosa,NA,NA,NA,NA,NA,NA,am,NA,NA,NA,NA,NA,NaN,NA
W-Msc-533278,NA,Philine alba,NA,NA,NA,NA,NA,NA,am,NA,NA,NA,NA,NA,NaN,NA
W-Msc-531551,NA,Philine auriformis,NA,NA,NA,NA,NA,NA,am,NA,NA,NA,NA,NA,NaN,NA
W-Msc-581408,NA,Philine polystrigma,NA,NA,NA,NA,NA,NA,am,NA,NA,NA,NA,NA,NaN,NA
Fis-30485,NA,Pholis clemensi,NA,NA,NA,NA,NA,NA,am,NA,NA,GNR,SNR,NA,NaN,NA
Fis-24894,NA,Pholis laeta,NA,NA,NA,NA,NA,NA,am,NA,NA,G5,SNR,0.0,NaN,NA
Fis-24895,LC,Pholis ornata,154866,Unknown,LC,NA,NA,NA,am,0.0,NA,GNR,SNR,NA,NaN,0.0
Fis-30487,NA,Pholis schultzi,NA,NA,NA,NA,NA,NA,am,NA,NA,GNR,SNR,NA,NaN,NA
W-Pol-130603,NA,Pholoe minuta,NA,NA,NA,NA,NA,NA,am,NA,NA,NA,NA,NA,NaN,NA
W-Pho-128549,NA,Phoronis muelleri,NA,NA,NA,NA,NA,NA,am,NA,NA,NA,NA,NA,NaN,NA
W-Pho-128555,NA,Phoronopsis harmeri,NA,NA,NA,NA,NA,NA,am,NA,NA,NA,NA,NA,NaN,NA
URM-2-1165,NA,Phoxichilidium femoratum,NA,NA,NA,NA,NA,NA,am,NA,NA,NA,NA,NA,NaN,NA
ITS-95442,NA,Phtisica marina,NA,NA,NA,NA,NA,NA,am,NA,NA,NA,NA,NA,NaN,NA
W-Msc-140777,NA,Phylliroe atlantica,NA,NA,NA,NA,NA,NA,am,NA,NA,NA,NA,NA,NaN,NA
Hex-2453,NA,Phymactis clematis,NA,NA,NA,NA,NA,NA,am,NA,NA,NA,NA,NA,NaN,NA
W-Hyd-135504,NA,Physophora hydrostatica,NA,NA,NA,NA,NA,NA,am,NA,NA,NA,NA,NA,NaN,NA
Fis-24897,NA,Phytichthys chirus,NA,NA,NA,NA,NA,NA,am,NA,NA,GNR,SNR,NA,NaN,NA
SLB-4371,NA,Pista maculata,NA,NA,NA,NA,NA,NA,am,NA,NA,NA,NA,NA,NaN,NA
Fis-24899,LC,Platichthys stellatus,19014407,Stable,LC,NA,NA,NA,am,0.0,0.0,G5,SNR,0.0,NaN,0.0
Fis-34615,NA,Platytroctes apus,190217,Unknown,LC,NA,NA,NA,am,0.0,NA,NA,NA,NA,NaN,0.0
Fis-30496,NA,Plectobranchus evides,NA,NA,NA,NA,NA,NA,am,NA,NA,GNR,SNR,NA,NaN,NA
ITS-97020,NA,Plesionika martia,NA,NA,NA,NA,NA,NA,am,NA,NA,NA,NA,NA,NaN,NA
SLB-88790,NA,Plesionika narval,NA,NA,NA,NA,NA,NA,am,NA,NA,NA,NA,NA,NaN,NA
W-Msc-367819,NA,Pleurobranchaea californica,NA,NA,NA,NA,NA,NA,am,NA,NA,NA,NA,NA,NaN,NA
W-Iso-118801,NA,Pleurogonium rubicundum,NA,NA,NA,NA,NA,NA,am,NA,NA,NA,NA,NA,NaN,NA
Fis-30865,NA,Pleuronichthys coenosus,NA,NA,NA,NA,NA,NA,am,NA,NA,GNR,SNR,NA,NaN,NA
Fis-30866,NA,Pleuronichthys decurrens,NA,NA,NA,NA,NA,NA,am,NA,NA,GNR,SNR,NA,NaN,NA
SLB-138599,NA,Plocamium cartilagineum,NA,NA,NA,NA,NA,NA,am,NA,NA,NA,NA,NA,NaN,NA
W-Hyd-117821,NA,Plumularia floridana,NA,NA,NA,NA,NA,NA,am,NA,NA,NA,NA,NA,NaN,NA
W-Hyd-285265,NA,Plumularia margaretta,NA,NA,NA,NA,NA,NA,am,NA,NA,NA,NA,NA,NaN,NA
W-Hyd-117824,NA,Plumularia setacea,NA,NA,NA,NA,NA,NA,am,NA,NA,NA,NA,NA,NaN,NA
NA,NA,Pluvialis fulva,22693735,Decreasing,LC,BOTW,22693735,NA,iucn-bli,0.0,-0.5,G5,SNRM,0.0,NaN,0.0
NA,NA,Pneumatophorus colias,170306,Stable,LC,TUNAS_BILLFISHES,170306,NA,iucn,0.0,0.0,NA,NA,NA,NaN,0.0
Fis-147788,NA,Podothecus accipenserinus,NA,NA,NA,NA,NA,NA,am,NA,NA,GNR,SNR,NA,NaN,NA
ITS-89476,NA,Pollicipes polymerus,NA,NA,NA,NA,NA,NA,am,NA,NA,NA,NA,NA,NaN,NA
NA,NA,Polycheles nanus,185000,Stable,LC,LOBSTERS,185000,NA,iucn,0.0,0.0,NA,NA,NA,NaN,0.0
W-Pol-131143,NA,Polydora cornuta,NA,NA,NA,NA,NA,NA,am,NA,NA,NA,NA,NA,NaN,NA
Fis-8227,NA,Polypera greeni,NA,NA,NA,NA,NA,NA,am,NA,NA,NA,NA,NA,NaN,NA
Fis-30514,LC,Porichthys notatus,183724,Unknown,LC,NA,NA,NA,am,0.0,NA,GNR,SNR,NA,NaN,0.0
Fis-30516,NA,Poroclinus rothrocki,NA,NA,NA,NA,NA,NA,am,NA,NA,GNR,SNR,NA,NaN,NA
W-Msc-141987,NA,Portlandia arctica,NA,NA,NA,NA,NA,NA,am,NA,NA,NA,NA,NA,NaN,NA
W-Msc-156974,NA,Portlandia intermedia,NA,NA,NA,NA,NA,NA,am,NA,NA,NA,NA,NA,NaN,NA
Fis-23222,NT,Prionace glauca,39381,Unknown,NT,NA,NA,NA,am,0.2,NA,GNR,SNR,NA,NaN,0.2
Fis-25421,NA,Promethichthys prometheus,16509297,Stable,LC,NA,NA,NA,am,0.0,0.0,NA,NA,NA,NaN,0.0
Fis-30880,NA,Psettichthys melanostictus,NA,NA,NA,NA,NA,NA,am,NA,NA,GNR,SNR,NA,NaN,NA
ITS-Mam-180463,DD,Pseudorca crassidens,18596,Unknown,DD,MARINE_MAMMALS_update,18596,NA,iucn,NA,NA,G4,SNA,0.2,NaN,NA
W-Cha-105445,NA,Pseudosagitta maxima,NA,NA,NA,NA,NA,NA,am,NA,NA,NA,NA,NA,NaN,NA
W-Por-134257,NA,Pseudosuberites montiniger,NA,NA,NA,NA,NA,NA,am,NA,NA,NA,NA,NA,NaN,NA
SLB-66157,NA,Psolus squamatus,NA,NA,NA,NA,NA,NA,am,NA,NA,NA,NA,NA,NaN,NA
Fis-30881,NA,Psychrolutes paradoxus,NA,NA,NA,NA,NA,NA,am,NA,NA,GNR,SNR,NA,NaN,NA
Fis-14939,NA,Psychrolutes sigalutes,NA,NA,NA,NA,NA,NA,am,NA,NA,GNR,SNR,NA,NaN,NA
Fis-20033,LC,Pteroplatytrygon violacea,161731,Unknown,LC,NA,NA,NA,am,0.0,NA,GNR,SNR,NA,NaN,0.0
Fis-30556,NA,Ptilichthys goodei,NA,NA,NA,NA,NA,NA,am,NA,NA,GNR,SNR,NA,NaN,NA
NA,NA,Puffinus carneipes,22698188,Stable,LC,BOTW,22698188,NA,iucn-bli,0.0,0.0,NA,NA,NA,NaN,0.0
NA,NA,Puffinus griseus,22698209,Decreasing,NT,BOTW,22698209,NA,iucn-bli,0.2,-0.5,NA,NA,NA,NaN,0.2
NA,NA,Puffinus tenuirostris,22698216,Decreasing,LC,BOTW,22698216,NA,iucn-bli,0.0,-0.5,G5,SUM,0.0,NaN,0.0
W-Bch-240780,NA,Pugettia producta,NA,NA,NA,NA,NA,NA,am,NA,NA,NA,NA,NA,NaN,NA
W-Sca-344422,NA,Pulsellum salishorum,NA,NA,NA,NA,NA,NA,am,NA,NA,NA,NA,NA,NaN,NA
Fis-24923,LC,Pungitius pungitius,18878,Stable,LC,NA,NA,NA,am,0.0,0.0,G5,SU,0.0,NaN,0.0
URM-2-1237,NA,Pycnogonum rickettsi,NA,NA,NA,NA,NA,NA,am,NA,NA,NA,NA,NA,NaN,NA
W-Msc-157031,LC,Pyroteuthis margaritifera,163353,Unknown,LC,NA,NA,NA,am,0.0,NA,NA,NA,NA,NaN,0.0
URM-2-3648,NA,Pyura haustor,NA,NA,NA,NA,NA,NA,am,NA,NA,NA,NA,NA,NaN,NA
Fis-30882,NA,Radulinus asprellus,NA,NA,NA,NA,NA,NA,am,NA,NA,GNR,SNR,NA,NaN,NA
Fis-30883,NA,Radulinus boleoides,NA,NA,NA,NA,NA,NA,am,NA,NA,GNR,SNR,NA,NaN,NA
Fis-30562,NT,Raja binoculata,44183,Unknown,NT,NA,NA,NA,am,0.2,NA,G4,SNR,0.2,NaN,0.2
Fis-24312,LC,Raja rhina,161595,Stable,LC,NA,NA,NA,am,0.0,0.0,GNR,SNR,NA,NaN,0.0
Fis-24314,LC,Raja stellulata,161629,Unknown,LC,NA,NA,NA,am,0.0,NA,NA,NA,NA,NaN,0.0
Fis-30575,NA,Regalecus glesne,190378,Unknown,LC,NA,NA,NA,am,0.0,NA,NA,NA,NA,NaN,0.0
Fis-150167,NA,Regalecus russelii,60483137,Unknown,LC,NA,NA,NA,am,0.0,NA,NA,NA,NA,NaN,0.0
Fis-23237,NA,Reinhardtius hippoglossoides,NA,NA,NA,NA,NA,NA,am,NA,NA,GNR,SNR,NA,NaN,NA
Fis-24930,LC,Remora brachyptera,155068,Stable,LC,NA,NA,NA,am,0.0,0.0,NA,NA,NA,NaN,0.0
Fis-23759,NA,Remora remora,198651,Stable,LC,NA,NA,NA,am,0.0,0.0,NA,NA,NA,NaN,0.0
W-Msc-141134,NA,Retusa obtusa,NA,NA,NA,NA,NA,NA,am,NA,NA,NA,NA,NA,NaN,NA
SLB-80352,NA,Rhabdus rectius,NA,NA,NA,NA,NA,NA,am,NA,NA,NA,NA,NA,NaN,NA
Fis-24933,LC,Rhacochilus vacca,155179,Unknown,LC,NA,NA,NA,am,0.0,NA,GNR,SNR,NA,NaN,0.0
Fis-14977,NA,Rhamphocottus richardsonii,NA,NA,NA,NA,NA,NA,am,NA,NA,GNR,SNR,NA,NaN,NA
Fis-57210,NA,Rhinogobiops nicholsii,NA,NA,NA,NA,NA,NA,am,NA,NA,GNR,SNR,NA,NaN,NA
Fis-30919,NA,Rondeletia loricata,60483273,Unknown,LC,NA,NA,NA,am,0.0,NA,NA,NA,NA,NaN,0.0
Fis-24938,NA,Ronquilus jordani,NA,NA,NA,NA,NA,NA,am,NA,NA,GNR,SNR,NA,NaN,NA
SLB-65065,NA,Rosacea cymbiformis,NA,NA,NA,NA,NA,NA,am,NA,NA,NA,NA,NA,NaN,NA
Fis-30766,NA,Ruscarius meanyi,NA,NA,NA,NA,NA,NA,am,NA,NA,GNR,SNR,NA,NaN,NA
Fis-30588,NA,Ruvettus pretiosus,190432,Stable,LC,NA,NA,NA,am,0.0,0.0,NA,NA,NA,NaN,0.0
URM-2-4201,NA,Salpa maxima,NA,NA,NA,NA,NA,NA,am,NA,NA,NA,NA,NA,NaN,NA
W-Pol-195986,NA,Salvatoria clavata,NA,NA,NA,NA,NA,NA,am,NA,NA,NA,NA,NA,NaN,NA
W-Msc-342386,DD,Sandalops melancholicus,163067,Unknown,DD,NA,NA,NA,am,NA,NA,NA,NA,NA,NaN,NA
Fis-1099,NA,Sarda lineolata,NA,NA,NA,NA,NA,NA,am,NA,NA,NA,NA,NA,NaN,NA
W-Pol-130980,NA,Scalibregma inflatum,NA,NA,NA,NA,NA,NA,am,NA,NA,NA,NA,NA,NaN,NA
W-Hyd-284982,NA,Scandia mutabilis,NA,NA,NA,NA,NA,NA,am,NA,NA,NA,NA,NA,NaN,NA
Fis-49922,NA,Scopelarchus analis,190316,Unknown,LC,NA,NA,NA,am,0.0,NA,NA,NA,NA,NaN,0.0
Fis-155578,NA,Scorpaenichthys marmoratus,NA,NA,NA,NA,NA,NA,am,NA,NA,GNR,SNR,NA,NaN,NA
Fis-30630,NA,Scytalina cerdale,NA,NA,NA,NA,NA,NA,am,NA,NA,GNR,SNR,NA,NaN,NA
Fis-24947,NA,Sebastes aleutianus,NA,NA,NA,NA,NA,NA,am,NA,NA,GNR,SNR,NA,NaN,NA
Fis-30631,NA,Sebastes auriculatus,NA,NA,NA,NA,NA,NA,am,NA,NA,GNR,SNR,NA,NaN,NA
Fis-24950,NA,Sebastes babcocki,NA,NA,NA,NA,NA,NA,am,NA,NA,GNR,SNR,NA,NaN,NA
Fis-24951,NA,Sebastes brevispinis,NA,NA,NA,NA,NA,NA,am,NA,NA,GNR,SNR,NA,NaN,NA
Fis-30633,NA,Sebastes caurinus,NA,NA,NA,NA,NA,NA,am,NA,NA,GNR,SNR,NA,NaN,NA
Fis-24954,NA,Sebastes chrysomelas,NA,NA,NA,NA,NA,NA,am,NA,NA,NA,NA,NA,NaN,NA
Fis-24957,NA,Sebastes crameri,NA,NA,NA,NA,NA,NA,am,NA,NA,GNR,SNR,NA,NaN,NA
Fis-24959,NA,Sebastes diploproa,NA,NA,NA,NA,NA,NA,am,NA,NA,GNR,SNR,NA,NaN,NA
Fis-30634,NA,Sebastes elongatus,NA,NA,NA,NA,NA,NA,am,NA,NA,GNR,SNR,NA,NaN,NA
Fis-24960,NA,Sebastes emphaeus,NA,NA,NA,NA,NA,NA,am,NA,NA,GNR,SNR,NA,NaN,NA
Fis-23265,NA,Sebastes flavidus,NA,NA,NA,NA,NA,NA,am,NA,NA,GNR,SNR,NA,NaN,NA
Fis-30637,NA,Sebastes helvomaculatus,NA,NA,NA,NA,NA,NA,am,NA,NA,GNR,SNR,NA,NaN,NA
Fis-24965,NA,Sebastes jordani,NA,NA,NA,NA,NA,NA,am,NA,NA,GNR,SNR,NA,NaN,NA
Fis-24968,NA,Sebastes maliger,NA,NA,NA,NA,NA,NA,am,NA,NA,GNR,SNR,NA,NaN,NA
Fis-24970,NA,Sebastes miniatus,NA,NA,NA,NA,NA,NA,am,NA,NA,GNR,SNR,NA,NaN,NA
Fis-24971,NA,Sebastes mystinus,NA,NA,NA,NA,NA,NA,am,NA,NA,GNR,SNR,NA,NaN,NA
Fis-30641,NA,Sebastes nebulosus,NA,NA,NA,NA,NA,NA,am,NA,NA,GNR,SNR,NA,NaN,NA
Fis-30642,NA,Sebastes nigrocinctus,NA,NA,NA,NA,NA,NA,am,NA,NA,GNR,SNR,NA,NaN,NA
Fis-30643,CR,Sebastes paucispinis,NA,NA,CR,NA,NA,NA,am,0.8,NA,G4,SNR,0.2,NaN,0.8
Fis-24974,NA,Sebastes pinniger,NA,NA,NA,NA,NA,NA,am,NA,NA,GNR,SNR,NA,NaN,NA
Fis-24976,NA,Sebastes proriger,NA,NA,NA,NA,NA,NA,am,NA,NA,GNR,SNR,NA,NaN,NA
Fis-24977,NA,Sebastes rastrelliger,NA,NA,NA,NA,NA,NA,am,NA,NA,NA,NA,NA,NaN,NA
Fis-24979,NA,Sebastes ruberrimus,NA,NA,NA,NA,NA,NA,am,NA,NA,GNR,SNR,NA,NaN,NA
Fis-24982,NA,Sebastes saxicola,NA,NA,NA,NA,NA,NA,am,NA,NA,GNR,SNR,NA,NaN,NA
Fis-24988,NA,Sebastes zacentrus,NA,NA,NA,NA,NA,NA,am,NA,NA,GNR,SNR,NA,NaN,NA
Fis-30888,EN,Sebastolobus alascanus,29609,NA,EN,NA,NA,NA,am,0.6,NA,GNR,SNR,NA,NaN,0.6
Fis-29523,NA,Seriola lalandi,195097,Stable,LC,NA,NA,NA,am,0.0,0.0,GNR,SNR,NA,NaN,0.0
W-Pol-131051,NA,Serpula vermicularis,NA,NA,NA,NA,NA,NA,am,NA,NA,NA,NA,NA,NaN,NA
W-Cha-266267,NA,Serratosagitta bierii,NA,NA,NA,NA,NA,NA,am,NA,NA,NA,NA,NA,NaN,NA
Fis-64212,NA,Serrivomer beanii,190315,Unknown,LC,NA,NA,NA,am,0.0,NA,NA,NA,NA,NaN,0.0
W-Hyd-117906,NA,Sertularella polyzonias,NA,NA,NA,NA,NA,NA,am,NA,NA,NA,NA,NA,NaN,NA
ITS-96028,NA,Sicyonia brevirostris,NA,NA,NA,NA,NA,NA,am,NA,NA,NA,NA,NA,NaN,NA
W-Pol-130703,NA,Sigambra tentaculata,NA,NA,NA,NA,NA,NA,am,NA,NA,NA,NA,NA,NaN,NA
URM-2-4206,NA,Soestia zonaria,NA,NA,NA,NA,NA,NA,am,NA,NA,NA,NA,NA,NaN,NA
W-Ase-292720,NA,Solaster dawsoni,NA,NA,NA,NA,NA,NA,am,NA,NA,NA,NA,NA,NaN,NA
W-Ase-124160,NA,Solaster endeca,NA,NA,NA,NA,NA,NA,am,NA,NA,NA,NA,NA,NaN,NA
W-Hyd-117947,NA,Solmaris corona,NA,NA,NA,NA,NA,NA,am,NA,NA,NA,NA,NA,NaN,NA
W-Hyd-135477,NA,Sphaeronectes gracilis,NA,NA,NA,NA,NA,NA,am,NA,NA,NA,NA,NA,NaN,NA
Fis-23277,VU,Sphyrna zygaena,39388,Decreasing,VU,NA,NA,NA,am,0.4,-0.5,NA,NA,NA,NaN,0.4
W-Pol-129922,NA,Spiochaetopterus costarum,NA,NA,NA,NA,NA,NA,am,NA,NA,NA,NA,NA,NaN,NA
Fis-24353,NA,Spirinchus starksi,NA,NA,NA,NA,NA,NA,am,NA,NA,GNR,SNR,NA,NaN,NA
Fis-164793,NA,Squalus suckleyi,NA,NA,NA,NA,NA,NA,am,NA,NA,GNR,SNR,NA,NaN,NA
Fis-29541,NT,Squatina californica,44571,Unknown,DD,NA,NA,NA,am,NA,NA,NA,NA,NA,NaN,NA
Fis-29541,NT,Squatina californica,39328,Unknown,NT,NA,NA,NA,am,0.2,NA,NA,NA,NA,NaN,0.2
ITS-Mam-180434,LC,Stenella coeruleoalba,20731,Unknown,LC,MARINE_MAMMALS_update,20731,NA,iucn,0.0,NA,G5,SNA,0.0,NaN,0.0
ITS-176888,LC,Sterna hirundo,22694623,Decreasing,LC,BOTW,22694623,NA,iucn-bli,0.0,-0.5,G5,SUM,0.0,NaN,0.0
W-Ech-124321,NA,Strongylocentrotus droebachiensis,NA,NA,NA,NA,NA,NA,am,NA,NA,NA,NA,NA,NaN,NA
NA,NA,Sturnus vulgaris,22710886,Decreasing,LC,BOTW,22710886,NA,iucn-bli,0.0,-0.5,G5,SNA,0.0,NaN,0.0
URM-2-4042,NA,Styela canopus,NA,NA,NA,NA,NA,NA,am,NA,NA,NA,NA,NA,NaN,NA
URM-2-4049,NA,Styela coriacea,NA,NA,NA,NA,NA,NA,am,NA,NA,NA,NA,NA,NaN,NA
URM-2-4065,NA,Styela montereyensis,NA,NA,NA,NA,NA,NA,am,NA,NA,NA,NA,NA,NaN,NA
W-Ase-255062,NA,Stylasterias forreri,NA,NA,NA,NA,NA,NA,am,NA,NA,NA,NA,NA,NaN,NA
W-Hyd-135445,NA,Sulculeolaria biloba,NA,NA,NA,NA,NA,NA,am,NA,NA,NA,NA,NA,NaN,NA
W-Hyd-135446,NA,Sulculeolaria chuni,NA,NA,NA,NA,NA,NA,am,NA,NA,NA,NA,NA,NaN,NA
SLB-65044,NA,Sulculeolaria quadrivalvis,NA,NA,NA,NA,NA,NA,am,NA,NA,NA,NA,NA,NaN,NA
SLB-65045,NA,Sulculeolaria turgida,NA,NA,NA,NA,NA,NA,am,NA,NA,NA,NA,NA,NaN,NA
Fis-30901,NA,Synchirus gilli,NA,NA,NA,NA,NA,NA,am,NA,NA,GNR,SNR,NA,NaN,NA
Fis-30693,NA,Syngnathus leptorhynchus,65374916,Unknown,LC,NA,NA,NA,am,0.0,NA,GNR,SNR,NA,NaN,0.0
ITS-96139,NA,Systellaspis debilis,NA,NA,NA,NA,NA,NA,am,NA,NA,NA,NA,NA,NaN,NA
Fis-30707,NA,Tactostoma macropus,NA,NA,NA,NA,NA,NA,am,NA,NA,GNR,SNR,NA,NaN,NA
W-Msc-507364,NA,Tagelus dombeii,NA,NA,NA,NA,NA,NA,am,NA,NA,NA,NA,NA,NaN,NA
W-Msc-140609,LC,Taningia danae,163267,Unknown,LC,NA,NA,NA,am,0.0,NA,NA,NA,NA,NaN,0.0
URM-2-366,NA,Tanystylum occidentalis,NA,NA,NA,NA,NA,NA,am,NA,NA,NA,NA,NA,NaN,NA
SLB-9740,NA,Telmessus cheiragonus,NA,NA,NA,NA,NA,NA,am,NA,NA,NA,NA,NA,NaN,NA
Fis-30711,NA,Tetragonurus cuvieri,198716,Stable,LC,NA,NA,NA,am,0.0,0.0,GNR,SNR,NA,NaN,0.0
SLB-83781,NA,Tetrastemma nigrifrons,NA,NA,NA,NA,NA,NA,am,NA,NA,NA,NA,NA,NaN,NA
W-Pol-332560,NA,Thelepus crispus,NA,NA,NA,NA,NA,NA,am,NA,NA,NA,NA,NA,NaN,NA
W-Pol-131544,NA,Thelepus setosus,NA,NA,NA,NA,NA,NA,am,NA,NA,NA,NA,NA,NaN,NA
Fis-22964,NA,Theragra chalcogramma,NA,NA,NA,NA,NA,NA,am,NA,NA,GNR,SNR,NA,NaN,NA
W-Msc-248351,NA,Tochuina tetraquetra,NA,NA,NA,NA,NA,NA,am,NA,NA,NA,NA,NA,NaN,NA
W-Msc-386440,NA,Tonicella insignis,NA,NA,NA,NA,NA,NA,am,NA,NA,NA,NA,NA,NaN,NA
W-Msc-386441,NA,Tonicella lineata,NA,NA,NA,NA,NA,NA,am,NA,NA,NA,NA,NA,NaN,NA
Fis-30736,NA,Trachipterus altivelis,NA,NA,NA,NA,NA,NA,am,NA,NA,GNR,SNR,NA,NaN,NA
Fis-30737,NA,Trachipterus fukuzakii,NA,NA,NA,NA,NA,NA,am,NA,NA,NA,NA,NA,NaN,NA
SLB-64873,NA,Tridentata marginata,NA,NA,NA,NA,NA,NA,am,NA,NA,NA,NA,NA,NaN,NA
Fis-25035,NA,Triglops macellus,NA,NA,NA,NA,NA,NA,am,NA,NA,GNR,SNR,NA,NaN,NA
Fis-62940,NA,Triglops pingelii,NA,NA,NA,NA,NA,NA,am,NA,NA,GNR,SNR,NA,NaN,NA
NA,NA,Tringa erythropus,22693207,Stable,LC,BOTW,22693207,NA,iucn-bli,0.0,0.0,G5,SNA,0.0,NaN,0.0
W-Nem-147222,NA,Tubulanus capistratus,NA,NA,NA,NA,NA,NA,am,NA,NA,NA,NA,NA,NaN,NA
W-Gtr-114692,NA,Turbanella cornuta,NA,NA,NA,NA,NA,NA,am,NA,NA,NA,NA,NA,NaN,NA
W-Pol-162819,NA,Typosyllis hyalina,NA,NA,NA,NA,NA,NA,am,NA,NA,NA,NA,NA,NaN,NA
SLB-147286,NA,Ulva clathrata,NA,NA,NA,NA,NA,NA,am,NA,NA,NA,NA,NA,NaN,NA
SLB-132722,NA,Ulva intestinalis,NA,NA,NA,NA,NA,NA,am,NA,NA,NA,NA,NA,NaN,NA
SLB-143238,NA,Ulva lactuca,NA,NA,NA,NA,NA,NA,am,NA,NA,NA,NA,NA,NaN,NA
ITS-98208,NA,Upogebia pugettensis,NA,NA,NA,NA,NA,NA,am,NA,NA,NA,NA,NA,NaN,NA
SLB-56831,NA,Urticina lofotensis,NA,NA,NA,NA,NA,NA,am,NA,NA,NA,NA,NA,NaN,NA
Fis-28170,NA,Valenciennellus tripunctulatus,18253303,Unknown,LC,NA,NA,NA,am,0.0,NA,NA,NA,NA,NaN,0.0
W-Msc-141905,NA,Velutina velutina,NA,NA,NA,NA,NA,NA,am,NA,NA,NA,NA,NA,NaN,NA
W-Msc-367756,NA,Venerupis philippinarum,NA,NA,NA,NA,NA,NA,am,NA,NA,NA,NA,NA,NaN,NA
W-Msc-141962,NA,Vitreledonella richardi,162988,Unknown,LC,NA,NA,NA,am,0.0,NA,NA,NA,NA,NaN,0.0
SLB-71681,NA,Walvisteuthis virilis,NA,NA,NA,NA,NA,NA,am,NA,NA,NA,NA,NA,NaN,NA
Fis-25041,NA,Xeneretmus latifrons,NA,NA,NA,NA,NA,NA,am,NA,NA,GNR,SNR,NA,NaN,NA
Fis-25042,NA,Xeneretmus triacanthus,NA,NA,NA,NA,NA,NA,am,NA,NA,GNR,SNR,NA,NaN,NA
Fis-34636,NA,Xenomystax atrarius,NA,NA,NA,NA,NA,NA,am,NA,NA,GNR,SNR,NA,NaN,NA
Fis-25045,NA,Xiphister atropurpureus,NA,NA,NA,NA,NA,NA,am,NA,NA,GNR,SNR,NA,NaN,NA
Fis-25046,NA,Xiphister mucosus,NA,NA,NA,NA,NA,NA,am,NA,NA,GNR,SNR,NA,NaN,NA
ITS-95750,NA,Xiphopenaeus kroyeri,NA,NA,NA,NA,NA,NA,am,NA,NA,NA,NA,NA,NaN,NA
W-Msc-157006,NA,Yoldia myalis,NA,NA,NA,NA,NA,NA,am,NA,NA,NA,NA,NA,NaN,NA
Fis-61628,DD,Zameus squamulosus,60215,Unknown,DD,NA,NA,NA,am,NA,NA,NA,NA,NA,NaN,NA
Fis-30910,NA,Zaniolepis latipinnis,NA,NA,NA,NA,NA,NA,am,NA,NA,GNR,SNR,NA,NaN,NA
Fis-30757,NA,Zaprora silenus,NA,NA,NA,NA,NA,NA,am,NA,NA,G4G5,SNR,0.1,NaN,NA
ITS-Mam-180498,LC,Ziphius cavirostris,23211,Unknown,LC,MARINE_MAMMALS_update,23211,NA,iucn,0.0,NA,G4,SU,0.2,NaN,0.0
NA,NA,Zostera japonica,173348,Increasing,LC,SEAGRASSES,173348,NA,iucn,0.0,0.5,GNR,SNA,NA,NaN,0.0
NA,NA,Zostera pacifica,173373,Unknown,LC,SEAGRASSES,173373,NA,iucn,0.0,NA,NA,NA,NA,NaN,0.0
Fis-23893,NA,Zu cristatus,190346,Unknown,LC,NA,NA,NA,am,0.0,NA,NA,NA,NA,NaN,0.0
