rgn_name,year,species,stockid,catch,rgn_catch,rgn_ass_catch_prop
West Vancouver Island,2015,arrowtooth_flounder,NA,5330347.78,32733550.720067725,NA
Strait of Georgia,2015,arrowtooth_flounder,NA,35.14,16916651.25803751,NA
North Coast,2015,arrowtooth_flounder,NA,581635.78,6183163.396933077,NA
Haida Gwaii,2015,arrowtooth_flounder,NA,4155514.66,13542664.750681318,NA
Central Coast,2015,arrowtooth_flounder,NA,325361.13,4916529.47,NA
North Vancouver Island,2015,arrowtooth_flounder,NA,83759.22,5466401.905034657,NA
Aristazabal Island,2015,arrowtooth_flounder,NA,675.23,130331.65999999999,NA
West Vancouver Island,2014,arrowtooth_flounder,NA,8685772.6,22189020.67017055,NA
Strait of Georgia,2014,arrowtooth_flounder,NA,13.31,15508684.950623112,NA
North Coast,2014,arrowtooth_flounder,NA,298468.85,8738613.755689513,NA
Haida Gwaii,2014,arrowtooth_flounder,NA,2937390.34,9029312.29,NA
Central Coast,2014,arrowtooth_flounder,NA,40406.19,4845805.251217306,NA
North Vancouver Island,2014,arrowtooth_flounder,NA,4227.06,5490220.951330182,NA
Aristazabal Island,2014,arrowtooth_flounder,NA,0,1330071.9520534652,NA
West Vancouver Island,2013,arrowtooth_flounder,NA,6885810.14,17316756.11883684,NA
Strait of Georgia,2013,arrowtooth_flounder,NA,41.32,14096211.830460355,NA
North Coast,2013,arrowtooth_flounder,NA,310464.54,4330308.408733,NA
Haida Gwaii,2013,arrowtooth_flounder,NA,893639.68,6216991.811604084,NA
Central Coast,2013,arrowtooth_flounder,NA,154916.8,9412649.495147534,NA
North Vancouver Island,2013,arrowtooth_flounder,NA,13191.68,4996359.600110408,NA
Aristazabal Island,2013,arrowtooth_flounder,NA,1353.03,679871.7443152436,NA
Pacific Offshore,2013,arrowtooth_flounder,NA,0,30041.54,NA
West Vancouver Island,2012,arrowtooth_flounder,NA,4336806.55,15713811.249980953,NA
Strait of Georgia,2012,arrowtooth_flounder,NA,29.78,11309120.898615398,NA
North Coast,2012,arrowtooth_flounder,NA,61561.59,3888577.477974049,NA
Haida Gwaii,2012,arrowtooth_flounder,NA,501377.66,10845063.119959434,NA
Central Coast,2012,arrowtooth_flounder,NA,216982.21,5370408.079975308,NA
North Vancouver Island,2012,arrowtooth_flounder,NA,14270.2,5365299.907356744,NA
Pacific Offshore,2012,arrowtooth_flounder,NA,0,14818.8,NA
West Vancouver Island,2011,arrowtooth_flounder,NA,2544172.4,15620818.084793031,NA
North Coast,2011,arrowtooth_flounder,NA,1115948.06,8595484.047202013,NA
Haida Gwaii,2011,arrowtooth_flounder,NA,1152313.83,7319205.81,NA
Central Coast,2011,arrowtooth_flounder,NA,131842.59,5212590.872784705,NA
North Vancouver Island,2011,arrowtooth_flounder,NA,4928.56,6452203.007632233,NA
West Vancouver Island,2010,arrowtooth_flounder,NA,179187.08,10583536.314029172,NA
Strait of Georgia,2010,arrowtooth_flounder,NA,19.98,7873037.449448899,NA
North Coast,2010,arrowtooth_flounder,NA,98623.92,3841450.283543457,NA
Haida Gwaii,2010,arrowtooth_flounder,NA,102878.96,9241521.132846788,NA
Central Coast,2010,arrowtooth_flounder,NA,103982.25,9532951.747544048,NA
North Vancouver Island,2010,arrowtooth_flounder,NA,9452.21,5870856.955335896,NA
Pacific Offshore,2010,arrowtooth_flounder,NA,0,34715.009999999995,NA
West Vancouver Island,2009,arrowtooth_flounder,NA,968962.8,14065268.216425687,NA
Strait of Georgia,2009,arrowtooth_flounder,NA,311.93,18544835.568107594,NA
North Coast,2009,arrowtooth_flounder,NA,149790.01,5081576.212980492,NA
Haida Gwaii,2009,arrowtooth_flounder,NA,236428.75,14117849.720231751,NA
Central Coast,2009,arrowtooth_flounder,NA,204910.42,5085115.877180197,NA
North Vancouver Island,2009,arrowtooth_flounder,NA,100503.93,6671595.270052206,NA
Aristazabal Island,2009,arrowtooth_flounder,NA,0,454057.20029877074,NA
Pacific Offshore,2009,arrowtooth_flounder,NA,0,9615.72,NA
West Vancouver Island,2008,arrowtooth_flounder,NA,2665371.67,14536209.030206352,NA
Strait of Georgia,2008,arrowtooth_flounder,NA,58.05,12169803.32048056,NA
North Coast,2008,arrowtooth_flounder,NA,256722.32,9152255.537298894,NA
Haida Gwaii,2008,arrowtooth_flounder,NA,264179.27,11240284.73,NA
Central Coast,2008,arrowtooth_flounder,NA,166593.89,4152124.140710771,NA
North Vancouver Island,2008,arrowtooth_flounder,NA,50803.18,4130771.8948168396,NA
West Vancouver Island,2007,arrowtooth_flounder,NA,371983.86,9911612.701645885,NA
Strait of Georgia,2007,arrowtooth_flounder,NA,40.67,13400668.095038457,NA
North Coast,2007,arrowtooth_flounder,NA,346108.12,4634037.613483222,NA
Haida Gwaii,2007,arrowtooth_flounder,NA,249547.53,11755290.6,NA
Central Coast,2007,arrowtooth_flounder,NA,286285.52,9862748.438992398,NA
North Vancouver Island,2007,arrowtooth_flounder,NA,136818.43,4732867.0501448,NA
West Vancouver Island,2015,bocaccio,BOCACCBCW,6291.08,23123694.650000002,2.720620599442139e-4
North Coast,2015,bocaccio,BOCACCBCW,67.11,714184.1599999999,9.396735990336163e-5
Haida Gwaii,2015,bocaccio,BOCACCBCW,4523.35,6495333.24,6.963999894792157e-4
Central Coast,2015,bocaccio,BOCACCBCW,6030.82,5495709.58,0.0010973687587035848
North Vancouver Island,2015,bocaccio,BOCACCBCW,6782.35,13240157.73,5.12255982013894e-4
Aristazabal Island,2015,bocaccio,BOCACCBCW,0,28485.460000000003,0
West Vancouver Island,2014,bocaccio,BOCACCBCW,19737.6,31301029.080000002,6.305735172333828e-4
North Coast,2014,bocaccio,BOCACCBCW,199.33,830930.46,2.3988770371951464e-4
Haida Gwaii,2014,bocaccio,BOCACCBCW,4705.86,5381161.89,8.745063048084584e-4
Central Coast,2014,bocaccio,BOCACCBCW,8143.07,2235712.94,0.0036422699239733345
North Vancouver Island,2014,bocaccio,BOCACCBCW,7208.41,4623223.77,0.0015591739354636517
West Vancouver Island,2013,bocaccio,BOCACCBCW,15713.47,31231243.810000002,5.031330194722718e-4
Strait of Georgia,2013,bocaccio,BOCACCBCW,0,2220359.48,0
North Coast,2013,bocaccio,BOCACCBCW,305.83,1183364.02,2.584411853252053e-4
Haida Gwaii,2013,bocaccio,BOCACCBCW,6325.66,5786972.91,0.0010930861606538952
Central Coast,2013,bocaccio,BOCACCBCW,7907.35,4682897.63,0.0016885592265231731
North Vancouver Island,2013,bocaccio,BOCACCBCW,10108.84,18195198.150000002,5.555773515992184e-4
West Vancouver Island,2012,bocaccio,BOCACCBCW,13985.75,27955083.53,5.002936222669909e-4
Strait of Georgia,2012,bocaccio,BOCACCBCW,7.99,459578.76,1.7385485787028104e-5
North Coast,2012,bocaccio,BOCACCBCW,331.84,1012947.5,3.2759841946399e-4
Haida Gwaii,2012,bocaccio,BOCACCBCW,9444.69,5858837.890000001,0.0016120415306455935
Central Coast,2012,bocaccio,BOCACCBCW,15092.54,6651097.05,0.002269180540674865
North Vancouver Island,2012,bocaccio,BOCACCBCW,29982.51,15882505.030000001,0.001887769589454995
Pacific Offshore,2012,bocaccio,BOCACCBCW,0,308783.42000000004,0
West Vancouver Island,2011,bocaccio,BOCACCBCW,18401.75,37483061.97,4.909350792826918e-4
North Coast,2011,bocaccio,BOCACCBCW,100.56,1116084.9,9.010067244884328e-5
Haida Gwaii,2011,bocaccio,BOCACCBCW,4503.77,6398602.08,7.03867804825269e-4
Central Coast,2011,bocaccio,BOCACCBCW,21585.23,9315430.09,0.0023171479782958687
North Vancouver Island,2011,bocaccio,BOCACCBCW,24386.73,12880619.940000001,0.001893288530645055
Aristazabal Island,2011,bocaccio,BOCACCBCW,22.77,30500.67,7.465409776244259e-4
West Vancouver Island,2010,bocaccio,BOCACCBCW,15512.27,48255117.88,3.2146372616010695e-4
Strait of Georgia,2010,bocaccio,BOCACCBCW,0,5777.28,0
North Coast,2010,bocaccio,BOCACCBCW,509.09,1510411.17,3.370539162524864e-4
Haida Gwaii,2010,bocaccio,BOCACCBCW,6888.77,9266914.43,7.433725704533133e-4
Central Coast,2010,bocaccio,BOCACCBCW,12527.43,8696099.86,0.0014405802833087522
North Vancouver Island,2010,bocaccio,BOCACCBCW,14632.72,2632440.65,0.005558613448702063
Aristazabal Island,2010,bocaccio,BOCACCBCW,20.98,50359.26,4.166065982701096e-4
Pacific Offshore,2010,bocaccio,BOCACCBCW,0,366517.52,0
West Vancouver Island,2009,bocaccio,BOCACCBCW,16530.3,37271476.04,4.435107421627083e-4
Strait of Georgia,2009,bocaccio,BOCACCBCW,0,39409.399999999994,0
North Coast,2009,bocaccio,BOCACCBCW,699.88,842187.1699999999,8.310266707102651e-4
Haida Gwaii,2009,bocaccio,BOCACCBCW,8229.78,7717113.55,0.0010664324098224524
Central Coast,2009,bocaccio,BOCACCBCW,17854.42,12261406.66,0.0014561477728526784
North Vancouver Island,2009,bocaccio,BOCACCBCW,22561.37,5608324.96,0.004022835723841508
Aristazabal Island,2009,bocaccio,BOCACCBCW,204.18,25609.350000000002,0.007972869284070075
Pacific Offshore,2009,bocaccio,BOCACCBCW,0,169631.05,0
West Vancouver Island,2008,bocaccio,BOCACCBCW,31358.38,44447984.55,7.055073546636211e-4
North Coast,2008,bocaccio,BOCACCBCW,890.56,3751913.03,2.373615787144192e-4
Haida Gwaii,2008,bocaccio,BOCACCBCW,9074.02,7449780.51,0.001218025146891207
Central Coast,2008,bocaccio,BOCACCBCW,21181.62,22705959.03,9.328661243514979e-4
North Vancouver Island,2008,bocaccio,BOCACCBCW,12529.97,2432808.94,0.005150412674823531
Aristazabal Island,2008,bocaccio,BOCACCBCW,67.4,27200.52,0.0024778938049713757
West Vancouver Island,2007,bocaccio,BOCACCBCW,16810.36,28149583.85,5.971796986263439e-4
North Coast,2007,bocaccio,BOCACCBCW,1147.11,2272795.24,5.047133062457487e-4
Haida Gwaii,2007,bocaccio,BOCACCBCW,11001.3,7386760.319999999,0.0014893267851419877
Central Coast,2007,bocaccio,BOCACCBCW,37738.37,29969006.09,0.0012592466325599123
North Vancouver Island,2007,bocaccio,BOCACCBCW,12357.81,9642762.209999999,0.001281563283514797
Pacific Offshore,2007,bocaccio,BOCACCBCW,50.72,302963.38,1.674129724853215e-4
West Vancouver Island,2015,dogfish,NA,162216.46,32733550.720067725,NA
Strait of Georgia,2015,dogfish,NA,105429.92,16916651.25803751,NA
North Coast,2015,dogfish,NA,0,6183163.396933077,NA
Haida Gwaii,2015,dogfish,NA,1876.9,13542664.750681318,NA
Central Coast,2015,dogfish,NA,382.74,4916529.47,NA
North Vancouver Island,2015,dogfish,NA,5745.64,5466401.905034657,NA
Aristazabal Island,2015,dogfish,NA,0,130331.65999999999,NA
West Vancouver Island,2014,dogfish,NA,128860.01,22189020.67017055,NA
Strait of Georgia,2014,dogfish,NA,46870.91,15508684.950623112,NA
North Coast,2014,dogfish,NA,5597.57,8738613.755689513,NA
Haida Gwaii,2014,dogfish,NA,1100.42,9029312.29,NA
Central Coast,2014,dogfish,NA,134.54,4845805.251217306,NA
North Vancouver Island,2014,dogfish,NA,9500.75,5490220.951330182,NA
Aristazabal Island,2014,dogfish,NA,296.62,1330071.9520534652,NA
Pacific Offshore,2014,dogfish,NA,0,9361.24,NA
West Vancouver Island,2013,dogfish,NA,315488.61,17316756.11883684,NA
Strait of Georgia,2013,dogfish,NA,60540.52,14096211.830460355,NA
North Coast,2013,dogfish,NA,675.66,4330308.408733,NA
Haida Gwaii,2013,dogfish,NA,623.22,6216991.811604084,NA
Central Coast,2013,dogfish,NA,325.73,9412649.495147534,NA
North Vancouver Island,2013,dogfish,NA,1460,4996359.600110408,NA
West Vancouver Island,2012,dogfish,NA,580154.02,15713811.249980953,NA
Strait of Georgia,2012,dogfish,NA,70884.07,11309120.898615398,NA
North Coast,2012,dogfish,NA,17136.24,3888577.477974049,NA
Haida Gwaii,2012,dogfish,NA,9208.43,10845063.119959434,NA
Central Coast,2012,dogfish,NA,13678.72,5370408.079975308,NA
North Vancouver Island,2012,dogfish,NA,117468.15,5365299.907356744,NA
Aristazabal Island,2012,dogfish,NA,25479.17,85526.64,NA
Pacific Offshore,2012,dogfish,NA,3514.14,14818.8,NA
West Vancouver Island,2011,dogfish,NA,739776.42,15620818.084793031,NA
Strait of Georgia,2011,dogfish,NA,62172.41,7687581.640764271,NA
North Coast,2011,dogfish,NA,13170.48,8595484.047202013,NA
Haida Gwaii,2011,dogfish,NA,4002.28,7319205.81,NA
Central Coast,2011,dogfish,NA,14511.33,5212590.872784705,NA
North Vancouver Island,2011,dogfish,NA,17062.74,6452203.007632233,NA
Aristazabal Island,2011,dogfish,NA,244.67,993976.140166846,NA
West Vancouver Island,2010,dogfish,NA,1309636.12,10583536.314029172,NA
Strait of Georgia,2010,dogfish,NA,155730.07,7873037.449448899,NA
North Coast,2010,dogfish,NA,104757.67,3841450.283543457,NA
Haida Gwaii,2010,dogfish,NA,20712.78,9241521.132846788,NA
Central Coast,2010,dogfish,NA,24615.75,9532951.747544048,NA
North Vancouver Island,2010,dogfish,NA,65576.96,5870856.955335896,NA
Aristazabal Island,2010,dogfish,NA,6939.5,588791.5203010635,NA
Pacific Offshore,2010,dogfish,NA,3278.45,34715.009999999995,NA
West Vancouver Island,2009,dogfish,NA,3427477.01,14065268.216425687,NA
Strait of Georgia,2009,dogfish,NA,232568.36,18544835.568107594,NA
North Coast,2009,dogfish,NA,44026.65,5081576.212980492,NA
Haida Gwaii,2009,dogfish,NA,33277.56,14117849.720231751,NA
Central Coast,2009,dogfish,NA,41877.68,5085115.877180197,NA
North Vancouver Island,2009,dogfish,NA,135762.91,6671595.270052206,NA
Aristazabal Island,2009,dogfish,NA,9671.36,454057.20029877074,NA
Pacific Offshore,2009,dogfish,NA,5773.62,9615.72,NA
West Vancouver Island,2008,dogfish,NA,1372207.18,14536209.030206352,NA
Strait of Georgia,2008,dogfish,NA,317244.28,12169803.32048056,NA
North Coast,2008,dogfish,NA,29376.84,9152255.537298894,NA
Haida Gwaii,2008,dogfish,NA,21973.33,11240284.73,NA
Central Coast,2008,dogfish,NA,53754.29,4152124.140710771,NA
North Vancouver Island,2008,dogfish,NA,31322.26,4130771.8948168396,NA
Aristazabal Island,2008,dogfish,NA,3201.72,1142380.2229039313,NA
Pacific Offshore,2008,dogfish,NA,2526.75,12437.29,NA
West Vancouver Island,2007,dogfish,NA,3139161.39,9911612.701645885,NA
Strait of Georgia,2007,dogfish,NA,293403.63,13400668.095038457,NA
North Coast,2007,dogfish,NA,28997.12,4634037.613483222,NA
Haida Gwaii,2007,dogfish,NA,33921.25,11755290.6,NA
Central Coast,2007,dogfish,NA,41293.13,9862748.438992398,NA
North Vancouver Island,2007,dogfish,NA,86972.78,4732867.0501448,NA
Aristazabal Island,2007,dogfish,NA,2765.42,187168.9044411718,NA
West Vancouver Island,2015,dungeness_crab,NA,1637359,32733550.720067725,NA
Strait of Georgia,2015,dungeness_crab,NA,2719563,16916651.25803751,NA
North Coast,2015,dungeness_crab,NA,781401,6183163.396933077,NA
Haida Gwaii,2015,dungeness_crab,NA,2736739,13542664.750681318,NA
Central Coast,2015,dungeness_crab,NA,66067,4916529.47,NA
North Vancouver Island,2015,dungeness_crab,NA,549963,5466401.905034657,NA
Aristazabal Island,2015,dungeness_crab,NA,1887,130331.65999999999,NA
Pacific Offshore,2015,dungeness_crab,NA,0,41301.17,NA
West Vancouver Island,2014,dungeness_crab,NA,1330841,22189020.67017055,NA
Strait of Georgia,2014,dungeness_crab,NA,2376739,15508684.950623112,NA
North Coast,2014,dungeness_crab,NA,655214,8738613.755689513,NA
Haida Gwaii,2014,dungeness_crab,NA,2833374,9029312.29,NA
Central Coast,2014,dungeness_crab,NA,207568,4845805.251217306,NA
North Vancouver Island,2014,dungeness_crab,NA,426018,5490220.951330182,NA
Aristazabal Island,2014,dungeness_crab,NA,5117,1330071.9520534652,NA
Pacific Offshore,2014,dungeness_crab,NA,0,9361.24,NA
West Vancouver Island,2013,dungeness_crab,NA,1151325,17316756.11883684,NA
Strait of Georgia,2013,dungeness_crab,NA,2342466,14096211.830460355,NA
North Coast,2013,dungeness_crab,NA,558070,4330308.408733,NA
Haida Gwaii,2013,dungeness_crab,NA,1791455,6216991.811604084,NA
Central Coast,2013,dungeness_crab,NA,647663,9412649.495147534,NA
North Vancouver Island,2013,dungeness_crab,NA,415767,4996359.600110408,NA
Pacific Offshore,2013,dungeness_crab,NA,0,30041.54,NA
West Vancouver Island,2012,dungeness_crab,NA,954025,15713811.249980953,NA
Strait of Georgia,2012,dungeness_crab,NA,2353641,11309120.898615398,NA
North Coast,2012,dungeness_crab,NA,407820,3888577.477974049,NA
Haida Gwaii,2012,dungeness_crab,NA,1835978,10845063.119959434,NA
Central Coast,2012,dungeness_crab,NA,752573,5370408.079975308,NA
North Vancouver Island,2012,dungeness_crab,NA,355825,5365299.907356744,NA
Aristazabal Island,2012,dungeness_crab,NA,2460,85526.64,NA
Pacific Offshore,2012,dungeness_crab,NA,0,14818.8,NA
West Vancouver Island,2011,dungeness_crab,NA,1198442,15620818.084793031,NA
Strait of Georgia,2011,dungeness_crab,NA,2368650,7687581.640764271,NA
North Coast,2011,dungeness_crab,NA,455123,8595484.047202013,NA
Haida Gwaii,2011,dungeness_crab,NA,1961424,7319205.81,NA
Central Coast,2011,dungeness_crab,NA,62606,5212590.872784705,NA
North Vancouver Island,2011,dungeness_crab,NA,515525,6452203.007632233,NA
Aristazabal Island,2011,dungeness_crab,NA,3680,993976.140166846,NA
Pacific Offshore,2011,dungeness_crab,NA,0,6367.5,NA
West Vancouver Island,2010,dungeness_crab,NA,1559837,10583536.314029172,NA
Strait of Georgia,2010,dungeness_crab,NA,3018593,7873037.449448899,NA
North Coast,2010,dungeness_crab,NA,787698,3841450.283543457,NA
Haida Gwaii,2010,dungeness_crab,NA,4384831,9241521.132846788,NA
Central Coast,2010,dungeness_crab,NA,59837,9532951.747544048,NA
North Vancouver Island,2010,dungeness_crab,NA,539909,5870856.955335896,NA
Aristazabal Island,2010,dungeness_crab,NA,2855,588791.5203010635,NA
Pacific Offshore,2010,dungeness_crab,NA,0,34715.009999999995,NA
West Vancouver Island,2009,dungeness_crab,NA,1167895,14065268.216425687,NA
Strait of Georgia,2009,dungeness_crab,NA,3634943,18544835.568107594,NA
North Coast,2009,dungeness_crab,NA,1100408,5081576.212980492,NA
Haida Gwaii,2009,dungeness_crab,NA,4535683,14117849.720231751,NA
Central Coast,2009,dungeness_crab,NA,14945,5085115.877180197,NA
North Vancouver Island,2009,dungeness_crab,NA,625230,6671595.270052206,NA
Pacific Offshore,2009,dungeness_crab,NA,0,9615.72,NA
West Vancouver Island,2008,dungeness_crab,NA,1053820,14536209.030206352,NA
Strait of Georgia,2008,dungeness_crab,NA,3010823,12169803.32048056,NA
North Coast,2008,dungeness_crab,NA,2145295,9152255.537298894,NA
Haida Gwaii,2008,dungeness_crab,NA,7126769,11240284.73,NA
Central Coast,2008,dungeness_crab,NA,4333,4152124.140710771,NA
North Vancouver Island,2008,dungeness_crab,NA,600529,4130771.8948168396,NA
Aristazabal Island,2008,dungeness_crab,NA,0,1142380.2229039313,NA
Pacific Offshore,2008,dungeness_crab,NA,0,12437.29,NA
West Vancouver Island,2007,dungeness_crab,NA,613037,9911612.701645885,NA
Strait of Georgia,2007,dungeness_crab,NA,3050063,13400668.095038457,NA
North Coast,2007,dungeness_crab,NA,1920573,4634037.613483222,NA
Haida Gwaii,2007,dungeness_crab,NA,8045446,11755290.6,NA
Central Coast,2007,dungeness_crab,NA,4855,9862748.438992398,NA
North Vancouver Island,2007,dungeness_crab,NA,556119,4732867.0501448,NA
Aristazabal Island,2007,dungeness_crab,NA,3321,187168.9044411718,NA
Pacific Offshore,2007,dungeness_crab,NA,0,9217.08,NA
West Vancouver Island,2015,pacific_cod,PCODWCVANI,473862.3,23123694.650000002,0.020492499454450284
Strait of Georgia,2015,pacific_cod,NA,4059.21,16916651.25803751,NA
North Coast,2015,pacific_cod,PCODHS,158769.87,714184.1599999999,0.22230942506481804
Haida Gwaii,2015,pacific_cod,PCOD5AB,78699.47832990937,6495333.24,0.012116311114764201
Haida Gwaii,2015,pacific_cod,PCODHS,330282.67167009064,6495333.24,0.05084922658565408
Central Coast,2015,pacific_cod,PCOD5AB,335951.14176323573,5495709.58,0.0611297116182831
Central Coast,2015,pacific_cod,PCODHS,43120.29823676429,5495709.58,0.007846174840404192
North Vancouver Island,2015,pacific_cod,PCOD5AB,19983.191581269733,13240157.73,0.0015092865197512818
North Vancouver Island,2015,pacific_cod,PCODWCVANI,14346.238418730267,13240157.73,0.0010835398422953883
Aristazabal Island,2015,pacific_cod,PCOD5AB,21.360258505456667,28485.460000000003,7.498653174446425e-4
Aristazabal Island,2015,pacific_cod,PCODHS,786.4197414945432,28485.460000000003,0.027607759941196075
Pacific Offshore,2015,pacific_cod,NA,151.44,41301.17,NA
West Vancouver Island,2014,pacific_cod,PCODWCVANI,319765.8,31301029.080000002,0.010215823869008718
Strait of Georgia,2014,pacific_cod,NA,3124.29,15508684.950623112,NA
North Coast,2014,pacific_cod,PCODHS,279056.36,830930.46,0.3358359976357107
Haida Gwaii,2014,pacific_cod,PCOD5AB,65730.78343465402,5381161.89,0.012214979734544657
Haida Gwaii,2014,pacific_cod,PCODHS,275856.1965653459,5381161.89,0.05126331491308208
Central Coast,2014,pacific_cod,PCOD5AB,248023.26802254748,2235712.94,0.11093699176896453
Central Coast,2014,pacific_cod,PCODHS,31834.501977452554,2235712.94,0.014239082937656815
North Vancouver Island,2014,pacific_cod,PCOD5AB,22846.95330473478,4623223.77,0.004941779684770651
North Vancouver Island,2014,pacific_cod,PCODWCVANI,16402.176695265218,4623223.77,0.0035477791063669886
Aristazabal Island,2014,pacific_cod,PCOD5AB,22.877567219516315,43925.350000000006,5.208283421649756e-4
Aristazabal Island,2014,pacific_cod,PCODHS,842.2824327804836,43925.350000000006,0.019175315228688754
West Vancouver Island,2013,pacific_cod,PCODWCVANI,364949.4,31231243.810000002,0.011685394351253665
Strait of Georgia,2013,pacific_cod,NA,3679.98,14096211.830460355,NA
North Coast,2013,pacific_cod,PCODHS,433372.4,1183364.02,0.36622070020347586
Haida Gwaii,2013,pacific_cod,PCOD5AB,37949.00145767451,5786972.91,0.00655766011831469
Haida Gwaii,2013,pacific_cod,PCODHS,159262.77854232548,5786972.91,0.027520913095535032
Central Coast,2013,pacific_cod,PCOD5AB,207543.9723956971,4682897.63,0.04431956211600917
Central Coast,2013,pacific_cod,PCODHS,26638.867604302908,4682897.63,0.005688543655886603
North Vancouver Island,2013,pacific_cod,PCOD5AB,13589.733079991103,18195198.150000002,7.468856875291078e-4
North Vancouver Island,2013,pacific_cod,PCODWCVANI,9756.276920008895,18195198.150000002,5.362006414867702e-4
Aristazabal Island,2013,pacific_cod,PCOD5AB,8.626553185564298,32967.89,2.6166531086958545e-4
Aristazabal Island,2013,pacific_cod,PCODHS,317.6034468144357,32967.89,0.009633720775410125
West Vancouver Island,2012,pacific_cod,PCODWCVANI,377189.11,27955083.53,0.01349268406210339
Strait of Georgia,2012,pacific_cod,NA,3688.19,11309120.898615398,NA
North Coast,2012,pacific_cod,PCODHS,468486.34,1012947.5,0.4624981452641919
Haida Gwaii,2012,pacific_cod,PCOD5AB,42994.23342540255,5858837.890000001,0.007338355187943687
Haida Gwaii,2012,pacific_cod,PCODHS,180436.39657459743,5858837.890000001,0.030797301437981484
Central Coast,2012,pacific_cod,PCOD5AB,141206.4985428712,6651097.05,0.021230557527779755
Central Coast,2012,pacific_cod,PCODHS,18124.261457128807,6651097.05,0.0027250033071053756
North Vancouver Island,2012,pacific_cod,PCOD5AB,14081.771315983246,15882505.030000001,8.86621555565989e-4
North Vancouver Island,2012,pacific_cod,PCODWCVANI,10109.518684016755,15882505.030000001,6.365191551912737e-4
Aristazabal Island,2012,pacific_cod,PCOD5AB,9.257222631892681,28531.95,3.2445110242702234e-4
Aristazabal Island,2012,pacific_cod,PCODHS,340.8227773681073,28531.95,0.011945302629792471
West Vancouver Island,2011,pacific_cod,PCODWCVANI,609538.56,37483061.97,0.016261706700691936
Strait of Georgia,2011,pacific_cod,NA,4612.03,7687581.640764271,NA
North Coast,2011,pacific_cod,PCODHS,422841.38,1116084.9,0.3788613034725226
Haida Gwaii,2011,pacific_cod,PCOD5AB,88360.6707916644,6398602.08,0.013809371123085121
Haida Gwaii,2011,pacific_cod,PCODHS,370828.3592083356,6398602.08,0.057954589857592075
Central Coast,2011,pacific_cod,PCOD5AB,292372.17754267715,9315430.09,0.031385794828360646
Central Coast,2011,pacific_cod,PCODHS,37526.81245732287,9315430.09,0.004028457311660515
North Vancouver Island,2011,pacific_cod,PCOD5AB,33635.94872406946,12880619.940000001,0.0026113610121835064
North Vancouver Island,2011,pacific_cod,PCODWCVANI,24147.761275930545,12880619.940000001,0.001874735951251935
Aristazabal Island,2011,pacific_cod,PCOD5AB,47.042387631790106,30500.67,0.0015423394840765828
Aristazabal Island,2011,pacific_cod,PCODHS,1731.9576123682098,30500.67,0.056784248095802806
West Vancouver Island,2010,pacific_cod,PCODWCVANI,486190.62,48255117.88,0.010075420833268928
Strait of Georgia,2010,pacific_cod,NA,5913.51,7873037.449448899,NA
North Coast,2010,pacific_cod,PCODHS,534028.64,1510411.17,0.3535650759256501
Haida Gwaii,2010,pacific_cod,PCOD5AB,94124.09859257472,9266914.43,0.010157005258175748
Haida Gwaii,2010,pacific_cod,PCODHS,395016.0714074252,9266914.43,0.04262649389840381
Central Coast,2010,pacific_cod,PCOD5AB,381801.24831369275,8696099.86,0.043904883161460476
Central Coast,2010,pacific_cod,PCODHS,49005.29168630727,8696099.86,0.005635318415755551
North Vancouver Island,2010,pacific_cod,PCOD5AB,40767.62174657523,2632440.65,0.0154866252147319
North Vancouver Island,2010,pacific_cod,PCODWCVANI,29267.698253424784,2632440.65,0.011118084752803367
Aristazabal Island,2010,pacific_cod,PCOD5AB,6.38893270135852,50359.26,1.2686708862200358e-4
Aristazabal Island,2010,pacific_cod,PCODHS,235.2210672986415,50359.26,0.004670860280684058
West Vancouver Island,2009,pacific_cod,PCODWCVANI,314497.17,37271476.04,0.00843801221240821
Strait of Georgia,2009,pacific_cod,NA,3138.64,18544835.568107594,NA
North Coast,2009,pacific_cod,PCODHS,242527.99,842187.1699999999,0.2879739785159634
Haida Gwaii,2009,pacific_cod,PCOD5AB,56216.68844945081,7717113.55,0.007284678148794482
Haida Gwaii,2009,pacific_cod,PCODHS,235927.8415505492,7717113.55,0.03057203189015525
Central Coast,2009,pacific_cod,PCOD5AB,67143.64009049739,12261406.66,0.005476014453507848
Central Coast,2009,pacific_cod,PCODHS,8618.079909502625,12261406.66,7.028622529596963e-4
North Vancouver Island,2009,pacific_cod,PCOD5AB,17051.888692129207,5608324.96,0.0030404601754976065
North Vancouver Island,2009,pacific_cod,PCODWCVANI,12241.811307870792,5608324.96,0.0021827927937811205
Aristazabal Island,2009,pacific_cod,PCOD5AB,4.344082878105946,25609.350000000002,1.6962878316341282e-4
Aristazabal Island,2009,pacific_cod,PCODHS,159.93591712189405,25609.350000000002,0.006245215795086328
Pacific Offshore,2009,pacific_cod,NA,0,9615.72,NA
West Vancouver Island,2008,pacific_cod,PCODWCVANI,87776.94,44447984.55,0.001974823850590094
Strait of Georgia,2008,pacific_cod,NA,2120.77,12169803.32048056,NA
North Coast,2008,pacific_cod,PCODHS,154575.94,3751913.03,0.04119923323489191
Haida Gwaii,2008,pacific_cod,PCOD5AB,15837.473808368562,7449780.51,0.0021258980431852433
Haida Gwaii,2008,pacific_cod,PCODHS,66466.04619163144,7449780.51,0.008921879792621091
Central Coast,2008,pacific_cod,PCOD5AB,20418.966715077768,22705959.03,8.992778806699788e-4
Central Coast,2008,pacific_cod,PCODHS,2620.8332849222347,22705959.03,1.1542491032682157e-4
North Vancouver Island,2008,pacific_cod,PCOD5AB,3969.904751013819,2432808.94,0.0016318193696763623
North Vancouver Island,2008,pacific_cod,PCODWCVANI,2850.055248986181,2432808.94,0.0011715080465735962
Aristazabal Island,2008,pacific_cod,PCOD5AB,16.82842916743745,27200.52,6.186804210889147e-4
Aristazabal Island,2008,pacific_cod,PCODHS,619.5715708325625,27200.52,0.02277793111427879
West Vancouver Island,2007,pacific_cod,PCODWCVANI,38883.14,28149583.85,0.0013813042568300703
Strait of Georgia,2007,pacific_cod,NA,1459.98,13400668.095038457,NA
North Coast,2007,pacific_cod,PCODHS,82107.32,2272795.24,0.036126140426094876
Haida Gwaii,2007,pacific_cod,PCOD5AB,25390.16400944765,7386760.319999999,0.0034372529917753784
Haida Gwaii,2007,pacific_cod,PCODHS,106556.37599055235,7386760.319999999,0.014425319270485326
Central Coast,2007,pacific_cod,PCOD5AB,54322.420600237485,29969006.09,0.001812620026072993
Central Coast,2007,pacific_cod,PCODHS,6972.43939976252,29969006.09,2.32655009606377e-4
North Vancouver Island,2007,pacific_cod,PCOD5AB,5942.877490309393,9642762.209999999,6.163044738515224e-4
North Vancouver Island,2007,pacific_cod,PCODWCVANI,4266.482509690608,9642762.209999999,4.424543939563359e-4
Aristazabal Island,2007,pacific_cod,PCOD5AB,8.358155077378424,27757.55,3.0111285316529826e-4
Aristazabal Island,2007,pacific_cod,PCODHS,307.72184492262153,27757.55,0.011086059285586139
West Vancouver Island,2015,halibut,PHALNPAC,250033.36,23123694.650000002,0.010812863765263392
Strait of Georgia,2015,halibut,PHALNPAC,0,5132995.22,0
North Coast,2015,halibut,PHALNPAC,394196.54,714184.1599999999,0.5519536305593784
Haida Gwaii,2015,halibut,PHALNPAC,2290002.19,6495333.24,0.3525611551225045
Central Coast,2015,halibut,PHALNPAC,499046.55,5495709.58,0.09080657242444751
North Vancouver Island,2015,halibut,PHALNPAC,143060.29,13240157.73,0.010805029133138582
Aristazabal Island,2015,halibut,PHALNPAC,20401.06,28485.460000000003,0.7161920502600274
Pacific Offshore,2015,halibut,PHALNPAC,12083.53,125158.3,0.0965459741783006
West Vancouver Island,2014,halibut,PHALNPAC,178270.58,31301029.080000002,0.0056953584351610706
Strait of Georgia,2014,halibut,PHALNPAC,0,2958121.59,0
North Coast,2014,halibut,PHALNPAC,325511,830930.46,0.3917427699064011
Haida Gwaii,2014,halibut,PHALNPAC,2239611.23,5381161.89,0.41619473187787703
Central Coast,2014,halibut,PHALNPAC,610364.96,2235712.94,0.27300685570125116
North Vancouver Island,2014,halibut,PHALNPAC,121314.39,4623223.77,0.026240215926212892
Aristazabal Island,2014,halibut,PHALNPAC,43026.37,43925.350000000006,0.9795339137878241
Pacific Offshore,2014,halibut,PHALNPAC,7880.29,571227.6799999999,0.013795357395846084
West Vancouver Island,2013,halibut,PHALNPAC,256989.35,31231243.810000002,0.008228597988713917
Strait of Georgia,2013,halibut,PHALNPAC,0,2220359.48,0
North Coast,2013,halibut,PHALNPAC,428153.67,1183364.02,0.36181062020121246
Haida Gwaii,2013,halibut,PHALNPAC,2184970.32,5786972.91,0.3775670551739285
Central Coast,2013,halibut,PHALNPAC,574513.71,4682897.63,0.12268338011907383
North Vancouver Island,2013,halibut,PHALNPAC,162416.67,18195198.150000002,0.008926347966152817
Aristazabal Island,2013,halibut,PHALNPAC,27019.31,32967.89,0.8195644307233494
Pacific Offshore,2013,halibut,PHALNPAC,8915.75,320986.21,0.02777611536645141
West Vancouver Island,2012,halibut,PHALNPAC,185911.82,27955083.53,0.006650376122127795
Strait of Georgia,2012,halibut,PHALNPAC,0,459578.76,0
North Coast,2012,halibut,PHALNPAC,296805.08,1012947.5,0.29301131598626784
Haida Gwaii,2012,halibut,PHALNPAC,2166394.47,5858837.890000001,0.36976521806443086
Central Coast,2012,halibut,PHALNPAC,648801.66,6651097.05,0.09754806690123399
North Vancouver Island,2012,halibut,PHALNPAC,225569.2,15882505.030000001,0.014202369183823895
Aristazabal Island,2012,halibut,PHALNPAC,28125.16,28531.95,0.9857426499065083
Pacific Offshore,2012,halibut,PHALNPAC,6954.42,308783.42000000004,0.02252199940009732
West Vancouver Island,2011,halibut,PHALNPAC,185911.82,37483061.97,0.004959888819883409
Strait of Georgia,2011,halibut,PHALNPAC,0,5808.61,0
North Coast,2011,halibut,PHALNPAC,296805.08,1116084.9,0.26593414174853547
Haida Gwaii,2011,halibut,PHALNPAC,2166394.47,6398602.08,0.3385730887644134
Central Coast,2011,halibut,PHALNPAC,648801.66,9315430.09,0.06964806280887456
North Vancouver Island,2011,halibut,PHALNPAC,225569.2,12880619.940000001,0.017512293744457768
Aristazabal Island,2011,halibut,PHALNPAC,28125.16,30500.67,0.9221161371209223
Pacific Offshore,2011,halibut,PHALNPAC,6954.42,387591.51,0.01794265307823693
West Vancouver Island,2010,halibut,PHALNPAC,268583.77,48255117.88,0.005565912628540449
Strait of Georgia,2010,halibut,PHALNPAC,564.2,5777.28,0.09765841364794507
North Coast,2010,halibut,PHALNPAC,391459.93,1510411.17,0.2591744140769298
Haida Gwaii,2010,halibut,PHALNPAC,2373431.02,9266914.43,0.25611880177898655
Central Coast,2010,halibut,PHALNPAC,750404.56,8696099.86,0.08629208174709255
North Vancouver Island,2010,halibut,PHALNPAC,175089.05,2632440.65,0.0665120598255463
Aristazabal Island,2010,halibut,PHALNPAC,24964.63,50359.26,0.4957306759471843
Pacific Offshore,2010,halibut,PHALNPAC,5871.03,366517.52,0.016018415709022585
West Vancouver Island,2009,halibut,PHALNPAC,268583.77,37271476.04,0.007206147932315696
Strait of Georgia,2009,halibut,PHALNPAC,564.2,39409.399999999994,0.01431638137094196
North Coast,2009,halibut,PHALNPAC,391459.93,842187.1699999999,0.4648134570846051
Haida Gwaii,2009,halibut,PHALNPAC,2373431.02,7717113.55,0.30755424351634686
Central Coast,2009,halibut,PHALNPAC,750404.56,12261406.66,0.06120052786830904
North Vancouver Island,2009,halibut,PHALNPAC,175089.05,5608324.96,0.03121949089055638
Aristazabal Island,2009,halibut,PHALNPAC,24964.63,25609.350000000002,0.9748248198411907
Pacific Offshore,2009,halibut,PHALNPAC,5871.03,169631.05,0.03461058573887269
West Vancouver Island,2008,halibut,PHALNPAC,268583.77,44447984.55,0.006042653513296365
Strait of Georgia,2008,halibut,PHALNPAC,564.2,4651.72,0.12128846964133697
North Coast,2008,halibut,PHALNPAC,391459.93,3751913.03,0.10433608851535667
Haida Gwaii,2008,halibut,PHALNPAC,2373431.02,7449780.51,0.3185907312053144
Central Coast,2008,halibut,PHALNPAC,750404.56,22705959.03,0.033048793887478445
North Vancouver Island,2008,halibut,PHALNPAC,175089.05,2432808.94,0.07196991392180596
Aristazabal Island,2008,halibut,PHALNPAC,24964.63,27200.52,0.917799733240394
Pacific Offshore,2008,halibut,PHALNPAC,5871.03,405129.13,0.014491749828011626
West Vancouver Island,2007,halibut,PHALNPAC,268583.77,28149583.85,0.009541305172793878
Strait of Georgia,2007,halibut,PHALNPAC,564.2,7543.88,0.074789100568938
North Coast,2007,halibut,PHALNPAC,391459.93,2272795.24,0.1722372183426431
Haida Gwaii,2007,halibut,PHALNPAC,2373431.02,7386760.319999999,0.3213087899405406
Central Coast,2007,halibut,PHALNPAC,750404.56,29969006.09,0.025039354249735815
North Vancouver Island,2007,halibut,PHALNPAC,175089.05,9642762.209999999,0.01815756172214061
Aristazabal Island,2007,halibut,PHALNPAC,24964.63,27757.55,0.899381609688175
Pacific Offshore,2007,halibut,PHALNPAC,5871.03,302963.38,0.01937867870367699
West Vancouver Island,2015,herring,NA,0,32733550.720067725,NA
Strait of Georgia,2015,herring,NA,10367717.490999999,16916651.25803751,NA
North Coast,2015,herring,NA,1091341.1874799998,6183163.396933077,NA
Haida Gwaii,2015,herring,NA,0,13542664.750681318,NA
Central Coast,2015,herring,NA,0,4916529.47,NA
North Vancouver Island,2015,herring,NA,0,5466401.905034657,NA
Aristazabal Island,2015,herring,NA,0,130331.65999999999,NA
Pacific Offshore,2015,herring,NA,0,41301.17,NA
West Vancouver Island,2014,herring,NA,0,22189020.67017055,NA
Strait of Georgia,2014,herring,NA,9386816.05721,15508684.950623112,NA
North Coast,2014,herring,NA,1359403.8143200001,8738613.755689513,NA
Haida Gwaii,2014,herring,NA,0,9029312.29,NA
Central Coast,2014,herring,NA,0,4845805.251217306,NA
North Vancouver Island,2014,herring,NA,0,5490220.951330182,NA
Aristazabal Island,2014,herring,NA,545008.113384,1330071.9520534652,NA
Pacific Offshore,2014,herring,NA,0,9361.24,NA
West Vancouver Island,2013,herring,NA,0,17316756.11883684,NA
Strait of Georgia,2013,herring,NA,7591816.08438,14096211.830460355,NA
North Coast,2013,herring,NA,976023.37265,4330308.408733,NA
Haida Gwaii,2013,herring,NA,0,6216991.811604084,NA
Central Coast,2013,herring,NA,0,9412649.495147534,NA
North Vancouver Island,2013,herring,NA,0,4996359.600110408,NA
Aristazabal Island,2013,herring,NA,0,679871.7443152436,NA
Pacific Offshore,2013,herring,NA,0,30041.54,NA
West Vancouver Island,2012,herring,NA,0,15713811.249980953,NA
Strait of Georgia,2012,herring,NA,4463907.093640001,11309120.898615398,NA
North Coast,2012,herring,NA,793271.102905,3888577.477974049,NA
Haida Gwaii,2012,herring,NA,0,10845063.119959434,NA
Central Coast,2012,herring,NA,0,5370408.079975308,NA
North Vancouver Island,2012,herring,NA,0,5365299.907356744,NA
Aristazabal Island,2012,herring,NA,0,85526.64,NA
Pacific Offshore,2012,herring,NA,0,14818.8,NA
West Vancouver Island,2011,herring,NA,0,15620818.084793031,NA
Strait of Georgia,2011,herring,NA,1375867.2266000002,7687581.640764271,NA
North Coast,2011,herring,NA,472099.623203,8595484.047202013,NA
Haida Gwaii,2011,herring,NA,0,7319205.81,NA
Central Coast,2011,herring,NA,0,5212590.872784705,NA
North Vancouver Island,2011,herring,NA,0,6452203.007632233,NA
Aristazabal Island,2011,herring,NA,0,993976.140166846,NA
Pacific Offshore,2011,herring,NA,0,6367.5,NA
West Vancouver Island,2010,herring,NA,0,10583536.314029172,NA
Strait of Georgia,2010,herring,NA,1019501.3748400001,7873037.449448899,NA
North Coast,2010,herring,NA,826832.054138,3841450.283543457,NA
Haida Gwaii,2010,herring,NA,0,9241521.132846788,NA
Central Coast,2010,herring,NA,0,9532951.747544048,NA
North Vancouver Island,2010,herring,NA,0,5870856.955335896,NA
Aristazabal Island,2010,herring,NA,0,588791.5203010635,NA
Pacific Offshore,2010,herring,NA,0,34715.009999999995,NA
West Vancouver Island,2009,herring,NA,0,14065268.216425687,NA
Strait of Georgia,2009,herring,NA,9385237.08946,18544835.568107594,NA
North Coast,2009,herring,NA,1004910.89106,5081576.212980492,NA
Haida Gwaii,2009,herring,NA,0,14117849.720231751,NA
Central Coast,2009,herring,NA,0,5085115.877180197,NA
North Vancouver Island,2009,herring,NA,0,6671595.270052206,NA
Aristazabal Island,2009,herring,NA,0,454057.20029877074,NA
Pacific Offshore,2009,herring,NA,0,9615.72,NA
West Vancouver Island,2008,herring,NA,0,14536209.030206352,NA
Strait of Georgia,2008,herring,NA,4203521.6596099995,12169803.32048056,NA
Haida Gwaii,2008,herring,NA,0,11240284.73,NA
Central Coast,2008,herring,NA,0,4152124.140710771,NA
North Vancouver Island,2008,herring,NA,0,4130771.8948168396,NA
Aristazabal Island,2008,herring,NA,0,1142380.2229039313,NA
Pacific Offshore,2008,herring,NA,0,12437.29,NA
West Vancouver Island,2007,herring,NA,0,9911612.701645885,NA
Strait of Georgia,2007,herring,NA,4798357.2704799995,13400668.095038457,NA
North Coast,2007,herring,NA,174474.063873,4634037.613483222,NA
Haida Gwaii,2007,herring,NA,0,11755290.6,NA
North Vancouver Island,2007,herring,NA,0,4732867.0501448,NA
Aristazabal Island,2007,herring,NA,0,187168.9044411718,NA
Pacific Offshore,2007,herring,NA,0,9217.08,NA
West Vancouver Island,2015,geoduck,NA,1065331.840067726,32733550.720067725,NA
Strait of Georgia,2015,geoduck,NA,792633.0270375139,16916651.25803751,NA
North Coast,2015,geoduck,NA,1497801.9894530769,6183163.396933077,NA
Haida Gwaii,2015,geoduck,NA,3331059.6306813173,13542664.750681318,NA
Central Coast,2015,geoduck,NA,0,4916529.47,NA
North Vancouver Island,2015,geoduck,NA,40267.4650346567,5466401.905034657,NA
Aristazabal Island,2015,geoduck,NA,0,130331.65999999999,NA
Pacific Offshore,2015,geoduck,NA,0,41301.17,NA
West Vancouver Island,2014,geoduck,NA,1119598.6701705498,22189020.67017055,NA
Strait of Georgia,2014,geoduck,NA,745577.5234131113,15508684.950623112,NA
North Coast,2014,geoduck,NA,4561332.651369513,8738613.755689513,NA
Haida Gwaii,2014,geoduck,NA,0,9029312.29,NA
Central Coast,2014,geoduck,NA,6303.02121730542,4845805.251217306,NA
North Vancouver Island,2014,geoduck,NA,115189.42133018219,5490220.951330182,NA
Aristazabal Island,2014,geoduck,NA,700876.5586694651,1330071.9520534652,NA
West Vancouver Island,2013,geoduck,NA,1165069.04883684,17316756.11883684,NA
Strait of Georgia,2013,geoduck,NA,500169.75608035416,14096211.830460355,NA
North Coast,2013,geoduck,NA,317174.9060829997,4330308.408733,NA
Haida Gwaii,2013,geoduck,NA,2455.951604084728,6216991.811604084,NA
Central Coast,2013,geoduck,NA,4524153.865147534,9412649.495147534,NA
North Vancouver Island,2013,geoduck,NA,321348.2601104076,4996359.600110408,NA
Aristazabal Island,2013,geoduck,NA,594333.6743152436,679871.7443152436,NA
Pacific Offshore,2013,geoduck,NA,0,30041.54,NA
West Vancouver Island,2012,geoduck,NA,1067562.919980952,15713811.249980953,NA
Strait of Georgia,2012,geoduck,NA,889352.1049753964,11309120.898615398,NA
North Coast,2012,geoduck,NA,286334.4150690488,3888577.477974049,NA
Haida Gwaii,2012,geoduck,NA,4597587.699959435,10845063.119959434,NA
Central Coast,2012,geoduck,NA,124618.59997530821,5370408.079975308,NA
North Vancouver Island,2012,geoduck,NA,127921.12735674351,5365299.907356744,NA
Aristazabal Island,2012,geoduck,NA,0,85526.64,NA
Pacific Offshore,2012,geoduck,NA,0,14818.8,NA
West Vancouver Island,2011,geoduck,NA,1170463.76479303,15620818.084793031,NA
Strait of Georgia,2011,geoduck,NA,745573.1141642709,7687581.640764271,NA
North Coast,2011,geoduck,NA,4634984.743999013,8595484.047202013,NA
Haida Gwaii,2011,geoduck,NA,0,7319205.81,NA
Central Coast,2011,geoduck,NA,4620.892784705197,5212590.872784705,NA
North Vancouver Island,2011,geoduck,NA,155390.74763223337,6452203.007632233,NA
Aristazabal Island,2011,geoduck,NA,875791.4601668459,993976.140166846,NA
Pacific Offshore,2011,geoduck,NA,0,6367.5,NA
West Vancouver Island,2010,geoduck,NA,1173843.4540291715,10583536.314029172,NA
Strait of Georgia,2010,geoduck,NA,781905.3246088997,7873037.449448899,NA
North Coast,2010,geoduck,NA,166709.2894054569,3841450.283543457,NA
Haida Gwaii,2010,geoduck,NA,2008.4128467874214,9241521.132846788,NA
Central Coast,2010,geoduck,NA,4921885.747544048,9532951.747544048,NA
North Vancouver Island,2010,geoduck,NA,369920.5453358966,5870856.955335896,NA
Aristazabal Island,2010,geoduck,NA,425186.07030106353,588791.5203010635,NA
Pacific Offshore,2010,geoduck,NA,0,34715.009999999995,NA
West Vancouver Island,2009,geoduck,NA,1196575.3364256865,14065268.216425687,NA
Strait of Georgia,2009,geoduck,NA,796967.3186475952,18544835.568107594,NA
North Coast,2009,geoduck,NA,741271.8919204924,5081576.212980492,NA
Haida Gwaii,2009,geoduck,NA,4469651.14023175,14117849.720231751,NA
Central Coast,2009,geoduck,NA,6444.117180197181,5085115.877180197,NA
North Vancouver Island,2009,geoduck,NA,97234.96005220551,6671595.270052206,NA
Aristazabal Island,2009,geoduck,NA,292114.94029877073,454057.20029877074,NA
Pacific Offshore,2009,geoduck,NA,0,9615.72,NA
West Vancouver Island,2008,geoduck,NA,1226401.7002063529,14536209.030206352,NA
Strait of Georgia,2008,geoduck,NA,699161.3608705621,12169803.32048056,NA
North Coast,2008,geoduck,NA,4462741.847298894,9152255.537298894,NA
Haida Gwaii,2008,geoduck,NA,0,11240284.73,NA
Central Coast,2008,geoduck,NA,2050.300710770913,4152124.140710771,NA
North Vancouver Island,2008,geoduck,NA,148510.1148168398,4130771.8948168396,NA
Aristazabal Island,2008,geoduck,NA,1049319.6529039312,1142380.2229039313,NA
Pacific Offshore,2008,geoduck,NA,0,12437.29,NA
West Vancouver Island,2007,geoduck,NA,1236137.3216458843,9911612.701645885,NA
Strait of Georgia,2007,geoduck,NA,479340.46455845784,13400668.095038457,NA
North Coast,2007,geoduck,NA,2907.8996102224023,4634037.613483222,NA
Haida Gwaii,2007,geoduck,NA,0,11755290.6,NA
Central Coast,2007,geoduck,NA,5279971.8689923985,9862748.438992398,NA
North Vancouver Island,2007,geoduck,NA,442415.2101447997,4732867.0501448,NA
Aristazabal Island,2007,geoduck,NA,133778.8144411718,187168.9044411718,NA
Pacific Offshore,2007,geoduck,NA,0,9217.08,NA
West Vancouver Island,2015,lingcod,LINGCODSOG,718578.76,23123694.650000002,0.0310754302405563
Strait of Georgia,2015,lingcod,LINGCODSOG,0,5132995.22,0
North Coast,2015,lingcod,NA,54641.55,6183163.396933077,NA
Haida Gwaii,2015,lingcod,NA,225834.74,13542664.750681318,NA
Central Coast,2015,lingcod,NA,491346.93,4916529.47,NA
North Vancouver Island,2015,lingcod,LINGCODSOG,207748.39,13240157.73,0.01569077908560535
Aristazabal Island,2015,lingcod,NA,7655.87,130331.65999999999,NA
Pacific Offshore,2015,lingcod,NA,3578.17,41301.17,NA
West Vancouver Island,2014,lingcod,LINGCODSOG,527508.76,31301029.080000002,0.016852760931654328
Strait of Georgia,2014,lingcod,LINGCODSOG,0,2958121.59,0
North Coast,2014,lingcod,NA,68154.83,8738613.755689513,NA
Haida Gwaii,2014,lingcod,NA,181758.73,9029312.29,NA
Central Coast,2014,lingcod,NA,459019.02,4845805.251217306,NA
North Vancouver Island,2014,lingcod,LINGCODSOG,152806.92,4623223.77,0.03305202767635018
Aristazabal Island,2014,lingcod,NA,6417.39,1330071.9520534652,NA
Pacific Offshore,2014,lingcod,NA,857.37,9361.24,NA
West Vancouver Island,2013,lingcod,LINGCODSOG,550790.88,31231243.810000002,0.01763589318923126
Strait of Georgia,2013,lingcod,LINGCODSOG,0,2220359.48,0
North Coast,2013,lingcod,NA,66633.8,4330308.408733,NA
Haida Gwaii,2013,lingcod,NA,183396.15,6216991.811604084,NA
Central Coast,2013,lingcod,NA,492513.74,9412649.495147534,NA
North Vancouver Island,2013,lingcod,LINGCODSOG,231639.17,18195198.150000002,0.012730785787018207
Aristazabal Island,2013,lingcod,NA,4996.91,679871.7443152436,NA
Pacific Offshore,2013,lingcod,NA,1664.51,30041.54,NA
West Vancouver Island,2012,lingcod,LINGCODSOG,547553.18,27955083.53,0.019586891214701373
Strait of Georgia,2012,lingcod,LINGCODSOG,0,459578.76,0
North Coast,2012,lingcod,NA,65123.46,3888577.477974049,NA
Haida Gwaii,2012,lingcod,NA,254300.65,10845063.119959434,NA
Central Coast,2012,lingcod,NA,359883.18,5370408.079975308,NA
North Vancouver Island,2012,lingcod,LINGCODSOG,239187.83,15882505.030000001,0.015059830269104594
Aristazabal Island,2012,lingcod,NA,10190.21,85526.64,NA
Pacific Offshore,2012,lingcod,NA,1841.72,14818.8,NA
West Vancouver Island,2011,lingcod,LINGCODSOG,580727.19,37483061.97,0.015493056316071287
Strait of Georgia,2011,lingcod,LINGCODSOG,0,5808.61,0
North Coast,2011,lingcod,NA,86242.78,8595484.047202013,NA
Haida Gwaii,2011,lingcod,NA,228626.19,7319205.81,NA
Central Coast,2011,lingcod,NA,551493.79,5212590.872784705,NA
North Vancouver Island,2011,lingcod,LINGCODSOG,203139.67,12880619.940000001,0.015770954421934446
Aristazabal Island,2011,lingcod,NA,25774.49,993976.140166846,NA
Pacific Offshore,2011,lingcod,NA,1020.99,6367.5,NA
West Vancouver Island,2010,lingcod,LINGCODSOG,546608.69,48255117.88,0.011327476006986388
Strait of Georgia,2010,lingcod,LINGCODSOG,39.98,5777.28,0.006920211587459843
North Coast,2010,lingcod,NA,116927.16,3841450.283543457,NA
Haida Gwaii,2010,lingcod,NA,213408.31,9241521.132846788,NA
Central Coast,2010,lingcod,NA,513432.68,9532951.747544048,NA
North Vancouver Island,2010,lingcod,LINGCODSOG,192444.5,2632440.65,0.07310497199623475
Aristazabal Island,2010,lingcod,NA,13653.51,588791.5203010635,NA
Pacific Offshore,2010,lingcod,NA,36.03,34715.009999999995,NA
West Vancouver Island,2009,lingcod,LINGCODSOG,769212.23,37271476.04,0.020638094106454927
Strait of Georgia,2009,lingcod,LINGCODSOG,0,39409.399999999994,0
North Coast,2009,lingcod,NA,125443.69,5081576.212980492,NA
Haida Gwaii,2009,lingcod,NA,352352.75,14117849.720231751,NA
Central Coast,2009,lingcod,NA,559603.85,5085115.877180197,NA
North Vancouver Island,2009,lingcod,LINGCODSOG,189462.29,5608324.96,0.03378233097249058
Aristazabal Island,2009,lingcod,NA,12305.17,454057.20029877074,NA
Pacific Offshore,2009,lingcod,NA,1198.09,9615.72,NA
West Vancouver Island,2008,lingcod,LINGCODSOG,975781.34,44447984.55,0.02195333151500567
Strait of Georgia,2008,lingcod,LINGCODSOG,41.51,4651.72,0.00892358095500159
North Coast,2008,lingcod,NA,85577.22,9152255.537298894,NA
Haida Gwaii,2008,lingcod,NA,430427.32,11240284.73,NA
Central Coast,2008,lingcod,NA,503307.23,4152124.140710771,NA
North Vancouver Island,2008,lingcod,LINGCODSOG,292115.78,2432808.94,0.12007345714538521
Aristazabal Island,2008,lingcod,NA,10435.69,1142380.2229039313,NA
Pacific Offshore,2008,lingcod,NA,712.93,12437.29,NA
West Vancouver Island,2007,lingcod,LINGCODSOG,755489.55,28149583.85,0.026838391431495353
North Coast,2007,lingcod,NA,94211.94,4634037.613483222,NA
Haida Gwaii,2007,lingcod,NA,378575.07,11755290.6,NA
Central Coast,2007,lingcod,NA,554295.71,9862748.438992398,NA
North Vancouver Island,2007,lingcod,LINGCODSOG,206927.79,9642762.209999999,0.021459389487527354
Aristazabal Island,2007,lingcod,NA,5362.22,187168.9044411718,NA
Pacific Offshore,2007,lingcod,NA,3489.6,9217.08,NA
West Vancouver Island,2015,pacific_ocean_perch,PERCHWCVANI,349605.53,23123694.650000002,0.015118930399818266
Strait of Georgia,2015,pacific_ocean_perch,NA,0,16916651.25803751,NA
North Coast,2015,pacific_ocean_perch,PERCHQCI,302.99,714184.1599999999,4.242463176444575e-4
Haida Gwaii,2015,pacific_ocean_perch,PERCHQCI,2303672.95,6495333.24,0.3546658600690979
Central Coast,2015,pacific_ocean_perch,PERCHQCI,1027674.39,5495709.58,0.1869957600634348
North Vancouver Island,2015,pacific_ocean_perch,PERCHQCI,73891.43518098525,13240157.73,0.005580857621775874
North Vancouver Island,2015,pacific_ocean_perch,PERCHWCVANI,38821.62481901475,13240157.73,0.0029321119589875723
Aristazabal Island,2015,pacific_ocean_perch,PERCHQCI,7197.83,28485.460000000003,0.252684351946572
West Vancouver Island,2014,pacific_ocean_perch,PERCHWCVANI,524803.31,31301029.080000002,0.01676632767116678
Strait of Georgia,2014,pacific_ocean_perch,NA,0,15508684.950623112,NA
North Coast,2014,pacific_ocean_perch,PERCHQCI,139.51,830930.46,1.6789611973064508e-4
Haida Gwaii,2014,pacific_ocean_perch,PERCHQCI,1690926.49,5381161.89,0.3142307413464567
Central Coast,2014,pacific_ocean_perch,PERCHQCI,977895.54,2235712.94,0.4373976294112249
North Vancouver Island,2014,pacific_ocean_perch,PERCHQCI,126744.52220606769,4623223.77,0.027414749644719814
North Vancouver Island,2014,pacific_ocean_perch,PERCHWCVANI,66589.9677939323,4623223.77,0.01440336248183209
Pacific Offshore,2014,pacific_ocean_perch,NA,513.42,9361.24,NA
West Vancouver Island,2013,pacific_ocean_perch,PERCHWCVANI,640929.97,31231243.810000002,0.020522076350823374
Strait of Georgia,2013,pacific_ocean_perch,NA,0,14096211.830460355,NA
North Coast,2013,pacific_ocean_perch,PERCHQCI,854.46,1183364.02,7.220601484909098e-4
Haida Gwaii,2013,pacific_ocean_perch,PERCHQCI,2112040.48,5786972.91,0.36496463917264127
Central Coast,2013,pacific_ocean_perch,PERCHQCI,988009.91,4682897.63,0.21098259839602773
North Vancouver Island,2013,pacific_ocean_perch,PERCHQCI,234485.8514669584,18195198.150000002,0.012887238134692058
North Vancouver Island,2013,pacific_ocean_perch,PERCHWCVANI,123195.89853304159,18195198.150000002,0.006770791805476522
Aristazabal Island,2013,pacific_ocean_perch,PERCHQCI,5622.35,32967.89,0.170540183190371
Pacific Offshore,2013,pacific_ocean_perch,NA,0,30041.54,NA
West Vancouver Island,2012,pacific_ocean_perch,PERCHWCVANI,322941.24,27955083.53,0.011552147202616495
Strait of Georgia,2012,pacific_ocean_perch,NA,0,11309120.898615398,NA
North Coast,2012,pacific_ocean_perch,PERCHQCI,695.2,1012947.5,6.86313950130683e-4
Haida Gwaii,2012,pacific_ocean_perch,PERCHQCI,1879629.61,5858837.890000001,0.32081952859767554
Central Coast,2012,pacific_ocean_perch,PERCHQCI,1362836.48,6651097.05,0.20490401354164572
North Vancouver Island,2012,pacific_ocean_perch,PERCHQCI,212994.0250499052,15882505.030000001,0.013410606491078517
North Vancouver Island,2012,pacific_ocean_perch,PERCHWCVANI,111904.36495009482,15882505.030000001,0.007045762915781983
Pacific Offshore,2012,pacific_ocean_perch,NA,2564.93,14818.8,NA
West Vancouver Island,2011,pacific_ocean_perch,PERCHWCVANI,440606.69,37483061.97,0.011754821160358902
Strait of Georgia,2011,pacific_ocean_perch,NA,0,7687581.640764271,NA
North Coast,2011,pacific_ocean_perch,PERCHQCI,107.78,1116084.9,9.656971436491973e-5
Haida Gwaii,2011,pacific_ocean_perch,PERCHQCI,2191133.89,6398602.08,0.3424394676532222
Central Coast,2011,pacific_ocean_perch,PERCHQCI,1434495.86,9315430.09,0.15399137196466256
North Vancouver Island,2011,pacific_ocean_perch,PERCHQCI,218769.81048496824,12880619.940000001,0.016984416239593528
North Vancouver Island,2011,pacific_ocean_perch,PERCHWCVANI,114938.88951503178,12880619.940000001,0.008923397324852034
Aristazabal Island,2011,pacific_ocean_perch,PERCHQCI,198.31,30500.67,0.006501824386152829
West Vancouver Island,2010,pacific_ocean_perch,PERCHWCVANI,312276.58,48255117.88,0.006471367053263947
Strait of Georgia,2010,pacific_ocean_perch,NA,0,7873037.449448899,NA
North Coast,2010,pacific_ocean_perch,PERCHQCI,302.32,1510411.17,2.0015741806252664e-4
Haida Gwaii,2010,pacific_ocean_perch,PERCHQCI,2646114.27,9266914.43,0.2855442650288938
Central Coast,2010,pacific_ocean_perch,PERCHQCI,2052144.15,8696099.86,0.23598442785131496
North Vancouver Island,2010,pacific_ocean_perch,PERCHQCI,239143.5798999481,2632440.65,0.09084481350033403
North Vancouver Island,2010,pacific_ocean_perch,PERCHWCVANI,125643.01010005192,2632440.65,0.04772871521340925
Aristazabal Island,2010,pacific_ocean_perch,PERCHQCI,162.56,50359.26,0.0032280061303521933
Pacific Offshore,2010,pacific_ocean_perch,NA,5446.7,34715.009999999995,NA
West Vancouver Island,2009,pacific_ocean_perch,PERCHWCVANI,397681.08,37271476.04,0.010669850573484291
Strait of Georgia,2009,pacific_ocean_perch,NA,0,18544835.568107594,NA
North Coast,2009,pacific_ocean_perch,PERCHQCI,457.98,842187.1699999999,5.437983577926033e-4
Haida Gwaii,2009,pacific_ocean_perch,PERCHQCI,2126423.89,7717113.55,0.2755465338461944
Central Coast,2009,pacific_ocean_perch,PERCHQCI,1324925.01,12261406.66,0.10805652619958044
North Vancouver Island,2009,pacific_ocean_perch,PERCHQCI,338985.086172739,5608324.96,0.06044319624673442
North Vancouver Island,2009,pacific_ocean_perch,PERCHWCVANI,178098.47382726104,5608324.96,0.031756090293894285
Pacific Offshore,2009,pacific_ocean_perch,NA,0,9615.72,NA
West Vancouver Island,2008,pacific_ocean_perch,PERCHWCVANI,586375.87,44447984.55,0.013192406268508748
Strait of Georgia,2008,pacific_ocean_perch,NA,0,12169803.32048056,NA
North Coast,2008,pacific_ocean_perch,PERCHQCI,1671.74,3751913.03,4.455700296443172e-4
Haida Gwaii,2008,pacific_ocean_perch,PERCHQCI,1930385.64,7449780.51,0.259119800564433
Central Coast,2008,pacific_ocean_perch,PERCHQCI,1367473.02,22705959.03,0.06022529232054199
North Vancouver Island,2008,pacific_ocean_perch,PERCHQCI,203549.85989165623,2432808.94,0.08366865829244126
North Vancouver Island,2008,pacific_ocean_perch,PERCHWCVANI,106942.52010834379,2432808.94,0.04395845409395108
Aristazabal Island,2008,pacific_ocean_perch,PERCHQCI,1197.67,27200.52,0.04403114352225619
Pacific Offshore,2008,pacific_ocean_perch,NA,0,12437.29,NA
West Vancouver Island,2007,pacific_ocean_perch,PERCHWCVANI,241139.21,28149583.85,0.00856635079527117
Strait of Georgia,2007,pacific_ocean_perch,NA,0,13400668.095038457,NA
North Coast,2007,pacific_ocean_perch,PERCHQCI,685.2,2272795.24,3.0147898409009337e-4
Haida Gwaii,2007,pacific_ocean_perch,PERCHQCI,1748950.66,7386760.319999999,0.2367682968221717
Central Coast,2007,pacific_ocean_perch,PERCHQCI,1385902.39,29969006.09,0.04624452295274634
North Vancouver Island,2007,pacific_ocean_perch,PERCHQCI,160672.55381643522,9642762.209999999,0.01666250295478719
North Vancouver Island,2007,pacific_ocean_perch,PERCHWCVANI,84415.32618356479,9642762.209999999,0.008754268159389237
Aristazabal Island,2007,pacific_ocean_perch,PERCHQCI,2372.73,27757.55,0.08548052691970293
West Vancouver Island,2015,hake,PHAKEPCOAST,20488238.73,23123694.650000002,0.8860279051470695
Strait of Georgia,2015,hake,PHAKEPCOAST,5132995.22,5132995.22,1
North Coast,2015,hake,PHAKEPCOAST,890.43,714184.1599999999,0.0012467792620883668
Central Coast,2015,hake,PHAKEPCOAST,3313128.73,5495709.58,0.6028573165614767
North Vancouver Island,2015,hake,PHAKEPCOAST,12446244.24,13240157.73,0.9400374598105335
Aristazabal Island,2015,hake,PHAKEPCOAST,0,28485.460000000003,0
Pacific Offshore,2015,hake,PHAKEPCOAST,76608.54,125158.3,0.6120931652155709
West Vancouver Island,2014,hake,PHAKEPCOAST,29243890.92,31301029.080000002,0.9342788968777253
Strait of Georgia,2014,hake,PHAKEPCOAST,2958121.59,2958121.59,1
North Coast,2014,hake,PHAKEPCOAST,2531.4,830930.46,0.0030464643214547704
Haida Gwaii,2014,hake,PHAKEPCOAST,100.03,5381161.89,1.8588922252253596e-5
Central Coast,2014,hake,PHAKEPCOAST,8717.02,2235712.94,0.003898988928337106
North Vancouver Island,2014,hake,PHAKEPCOAST,3964725.51,4623223.77,0.8575672965965911
Aristazabal Island,2014,hake,PHAKEPCOAST,0,43925.350000000006,0
Pacific Offshore,2014,hake,PHAKEPCOAST,523273.6,571227.6799999999,0.9160508468357136
West Vancouver Island,2013,hake,PHAKEPCOAST,28861528.76,31231243.810000002,0.9241235775169083
Strait of Georgia,2013,hake,PHAKEPCOAST,2220359.48,2220359.48,1
North Coast,2013,hake,PHAKEPCOAST,4132.68,1183364.02,0.0034923150697111784
Haida Gwaii,2013,hake,PHAKEPCOAST,79323.09,5786972.91,0.013707181843365498
Central Coast,2013,hake,PHAKEPCOAST,2537516.09,4682897.63,0.541868793745124
North Vancouver Island,2013,hake,PHAKEPCOAST,17164985.76,18195198.150000002,0.9433799851198652
Pacific Offshore,2013,hake,PHAKEPCOAST,271279.08,320986.21,0.8451424751237756
West Vancouver Island,2012,hake,PHAKEPCOAST,26021936.59,27955083.53,0.9308481071814562
Strait of Georgia,2012,hake,PHAKEPCOAST,459570.77,459578.76,0.999982614514213
North Coast,2012,hake,PHAKEPCOAST,24218.71,1012947.5,0.023909146327919264
Haida Gwaii,2012,hake,PHAKEPCOAST,51344.26,5858837.890000001,0.008763557033662864
Central Coast,2012,hake,PHAKEPCOAST,3951321.3,6651097.05,0.5940856478706772
North Vancouver Island,2012,hake,PHAKEPCOAST,14840303.39,15882505.030000001,0.9343805251104019
Aristazabal Island,2012,hake,PHAKEPCOAST,0,28531.95,0
Pacific Offshore,2012,hake,PHAKEPCOAST,207758.54,308783.42000000004,0.6728293248387494
West Vancouver Island,2011,hake,PHAKEPCOAST,35083685.06,37483061.97,0.9359877026076374
Strait of Georgia,2011,hake,PHAKEPCOAST,5808.61,5808.61,1
North Coast,2011,hake,PHAKEPCOAST,88.59,1116084.9,7.937568190376916e-5
Haida Gwaii,2011,hake,PHAKEPCOAST,198739.06,6398602.08,0.031059762353592084
Central Coast,2011,hake,PHAKEPCOAST,6356964.96,9315430.09,0.6824123951962373
North Vancouver Island,2011,hake,PHAKEPCOAST,11843927.8,12880619.940000001,0.9195153536996605
Aristazabal Island,2011,hake,PHAKEPCOAST,0,30500.67,0
Pacific Offshore,2011,hake,PHAKEPCOAST,302730.74,387591.51,0.7810561691611873
West Vancouver Island,2010,hake,PHAKEPCOAST,46357362.18,48255117.88,0.9606724471232396
Strait of Georgia,2010,hake,PHAKEPCOAST,4608.9,5777.28,0.79776296111665
North Coast,2010,hake,PHAKEPCOAST,21032.63,1510411.17,0.013925102262054909
Haida Gwaii,2010,hake,PHAKEPCOAST,1035598.32,9266914.43,0.11175222646358245
Central Coast,2010,hake,PHAKEPCOAST,4258388.1,8696099.86,0.48968942037885016
North Vancouver Island,2010,hake,PHAKEPCOAST,1583450.72,2632440.65,0.6015143095438827
Aristazabal Island,2010,hake,PHAKEPCOAST,0,50359.26,0
Pacific Offshore,2010,hake,PHAKEPCOAST,354775.46,366517.52,0.9679631685819549
West Vancouver Island,2009,hake,PHAKEPCOAST,35039408.94,37271476.04,0.9401132625495021
Strait of Georgia,2009,hake,PHAKEPCOAST,38845.2,39409.399999999994,0.9856836186290581
North Coast,2009,hake,PHAKEPCOAST,23291.15,842187.1699999999,0.027655550725143443
Haida Gwaii,2009,hake,PHAKEPCOAST,655985.68,7717113.55,0.08500402070667991
Central Coast,2009,hake,PHAKEPCOAST,9707442.85,12261406.66,0.7917071115232059
North Vancouver Island,2009,hake,PHAKEPCOAST,4513852.02,5608324.96,0.804848515767888
Aristazabal Island,2009,hake,PHAKEPCOAST,0,25609.350000000002,0
Pacific Offshore,2009,hake,PHAKEPCOAST,84560.26,169631.05,0.4984951752641984
West Vancouver Island,2008,hake,PHAKEPCOAST,41573511.4,44447984.55,0.9353295052834967
Strait of Georgia,2008,hake,PHAKEPCOAST,4021.84,4651.72,0.8645920218757792
North Coast,2008,hake,PHAKEPCOAST,2978108.42,3751913.03,0.7937573169173381
Haida Gwaii,2008,hake,PHAKEPCOAST,1134768.17,7449780.51,0.15232236285039222
Central Coast,2008,hake,PHAKEPCOAST,20299034,22705959.03,0.893995887739431
North Vancouver Island,2008,hake,PHAKEPCOAST,1339665.45,2432808.94,0.5506661160164924
Pacific Offshore,2008,hake,PHAKEPCOAST,353850.48,405129.13,0.8734264060449072
West Vancouver Island,2007,hake,PHAKEPCOAST,25897722.68,28149583.85,0.9200037491850878
Strait of Georgia,2007,hake,PHAKEPCOAST,6510.18,7543.88,0.8629750208115717
North Coast,2007,hake,PHAKEPCOAST,1592789.06,2272795.24,0.7008062283692569
Haida Gwaii,2007,hake,PHAKEPCOAST,841247.99,7386760.319999999,0.11388591934170135
Central Coast,2007,hake,PHAKEPCOAST,27288376.46,29969006.09,0.9105532688688509
North Vancouver Island,2007,hake,PHAKEPCOAST,8738039.19,9642762.209999999,0.906175948312636
Aristazabal Island,2007,hake,PHAKEPCOAST,0,27757.55,0
Pacific Offshore,2007,hake,PHAKEPCOAST,227189.01,302963.38,0.7498893430618578
West Vancouver Island,2015,rockfish,NA,5195221.14,32733550.720067725,NA
Strait of Georgia,2015,rockfish,NA,3842.95,16916651.25803751,NA
North Coast,2015,rockfish,NA,167527.43,6183163.396933077,NA
Haida Gwaii,2015,rockfish,NA,1881973.1,13542664.750681318,NA
Central Coast,2015,rockfish,NA,3240242.41,4916529.47,NA
North Vancouver Island,2015,rockfish,NA,1304364.96,5466401.905034657,NA
Aristazabal Island,2015,rockfish,NA,108187.18,130331.65999999999,NA
Pacific Offshore,2015,rockfish,NA,23978.77,41301.17,NA
West Vancouver Island,2014,rockfish,NA,4550000.13,22189020.67017055,NA
Strait of Georgia,2014,rockfish,NA,3944.46,15508684.950623112,NA
North Coast,2014,rockfish,NA,170348.44,8738613.755689513,NA
Haida Gwaii,2014,rockfish,NA,1835979.14,9029312.29,NA
Central Coast,2014,rockfish,NA,3357702.47,4845805.251217306,NA
North Vancouver Island,2014,rockfish,NA,1244573.08,5490220.951330182,NA
Aristazabal Island,2014,rockfish,NA,55484.22,1330071.9520534652,NA
Pacific Offshore,2014,rockfish,NA,6954.41,9361.24,NA
West Vancouver Island,2013,rockfish,NA,4989095.89,17316756.11883684,NA
Strait of Georgia,2013,rockfish,NA,3111.87,14096211.830460355,NA
North Coast,2013,rockfish,NA,167973.93,4330308.408733,NA
Haida Gwaii,2013,rockfish,NA,1760881.09,6216991.811604084,NA
Central Coast,2013,rockfish,NA,2769154.66,9412649.495147534,NA
North Vancouver Island,2013,rockfish,NA,1179523.21,4996359.600110408,NA
Aristazabal Island,2013,rockfish,NA,68436.17,679871.7443152436,NA
Pacific Offshore,2013,rockfish,NA,27512.66,30041.54,NA
West Vancouver Island,2012,rockfish,NA,4015053.17,15713811.249980953,NA
Strait of Georgia,2012,rockfish,NA,1202.6,11309120.898615398,NA
North Coast,2012,rockfish,NA,275284.15,3888577.477974049,NA
Haida Gwaii,2012,rockfish,NA,1863709.07,10845063.119959434,NA
Central Coast,2012,rockfish,NA,2817461.23,5370408.079975308,NA
North Vancouver Island,2012,rockfish,NA,1487060.09,5365299.907356744,NA
Aristazabal Island,2012,rockfish,NA,39883.78,85526.64,NA
Pacific Offshore,2012,rockfish,NA,2079.45,14818.8,NA
West Vancouver Island,2011,rockfish,NA,4877363.48,15620818.084793031,NA
Strait of Georgia,2011,rockfish,NA,1745.52,7687581.640764271,NA
North Coast,2011,rockfish,NA,168707.03,8595484.047202013,NA
Haida Gwaii,2011,rockfish,NA,1997839.67,7319205.81,NA
Central Coast,2011,rockfish,NA,3063690.02,5212590.872784705,NA
North Vancouver Island,2011,rockfish,NA,1727040.44,6452203.007632233,NA
Aristazabal Island,2011,rockfish,NA,79660.71,993976.140166846,NA
Pacific Offshore,2011,rockfish,NA,5109.01,6367.5,NA
West Vancouver Island,2010,rockfish,NA,4014137.54,10583536.314029172,NA
Strait of Georgia,2010,rockfish,NA,7733.24,7873037.449448899,NA
North Coast,2010,rockfish,NA,223733.37,3841450.283543457,NA
Haida Gwaii,2010,rockfish,NA,2141674.27,9241521.132846788,NA
Central Coast,2010,rockfish,NA,2809500.88,9532951.747544048,NA
North Vancouver Island,2010,rockfish,NA,1115652.55,5870856.955335896,NA
Aristazabal Island,2010,rockfish,NA,131388.62,588791.5203010635,NA
Pacific Offshore,2010,rockfish,NA,25301.67,34715.009999999995,NA
West Vancouver Island,2009,rockfish,NA,4074225.33,14065268.216425687,NA
Strait of Georgia,2009,rockfish,NA,3180.5,18544835.568107594,NA
North Coast,2009,rockfish,NA,175638.6,5081576.212980492,NA
Haida Gwaii,2009,rockfish,NA,2153207.97,14117849.720231751,NA
Central Coast,2009,rockfish,NA,3324157.26,5085115.877180197,NA
North Vancouver Island,2009,rockfish,NA,1594941.31,6671595.270052206,NA
Aristazabal Island,2009,rockfish,NA,130620.37,454057.20029877074,NA
Pacific Offshore,2009,rockfish,NA,1717.57,9615.72,NA
West Vancouver Island,2008,rockfish,NA,5374677.18,14536209.030206352,NA
Strait of Georgia,2008,rockfish,NA,3441.71,12169803.32048056,NA
North Coast,2008,rockfish,NA,243987.03,9152255.537298894,NA
Haida Gwaii,2008,rockfish,NA,1979985.34,11240284.73,NA
Central Coast,2008,rockfish,NA,2764783.89,4152124.140710771,NA
North Vancouver Island,2008,rockfish,NA,921727.59,4130771.8948168396,NA
Aristazabal Island,2008,rockfish,NA,72041.54,1142380.2229039313,NA
Pacific Offshore,2008,rockfish,NA,8092.93,12437.29,NA
West Vancouver Island,2007,rockfish,NA,2750289.98,9911612.701645885,NA
Strait of Georgia,2007,rockfish,NA,4263.98,13400668.095038457,NA
North Coast,2007,rockfish,NA,275620.49,4634037.613483222,NA
Haida Gwaii,2007,rockfish,NA,1749639.8,11755290.6,NA
Central Coast,2007,rockfish,NA,2472779.5,9862748.438992398,NA
North Vancouver Island,2007,rockfish,NA,762949.04,4732867.0501448,NA
Aristazabal Island,2007,rockfish,NA,36823.41,187168.9044411718,NA
Pacific Offshore,2007,rockfish,NA,5290.1,9217.08,NA
West Vancouver Island,2015,sablefish,SABLEFPCAN,837084.89,23123694.650000002,0.03620030893289797
North Coast,2015,sablefish,SABLEFPCAN,9895.89,714184.1599999999,0.013856216021369055
Haida Gwaii,2015,sablefish,SABLEFPCAN,1250106.27,6495333.24,0.1924622223077811
Central Coast,2015,sablefish,SABLEFPCAN,167686.88,5495709.58,0.030512325580348443
North Vancouver Island,2015,sablefish,SABLEFPCAN,285670.17,13240157.73,0.02157603978936888
Aristazabal Island,2015,sablefish,SABLEFPCAN,56.66,28485.460000000003,0.0019890849577293116
Pacific Offshore,2015,sablefish,SABLEFPCAN,36466.23,125158.3,0.2913608606061284
West Vancouver Island,2014,sablefish,SABLEFPCAN,487052.11,31301029.080000002,0.015560258698050446
North Coast,2014,sablefish,SABLEFPCAN,7099.37,830930.46,0.008543879833217331
Haida Gwaii,2014,sablefish,SABLEFPCAN,917060.9,5381161.89,0.17042061152336008
Central Coast,2014,sablefish,SABLEFPCAN,127534.45,2235712.94,0.05704419727516539
North Vancouver Island,2014,sablefish,SABLEFPCAN,133841.37,4623223.77,0.028949792754677763
Aristazabal Island,2014,sablefish,SABLEFPCAN,0,43925.350000000006,0
Pacific Offshore,2014,sablefish,SABLEFPCAN,40073.79,571227.6799999999,0.07015379576844036
West Vancouver Island,2013,sablefish,SABLEFPCAN,540341.98,31231243.810000002,0.017301327583597124
Strait of Georgia,2013,sablefish,SABLEFPCAN,0,2220359.48,0
North Coast,2013,sablefish,SABLEFPCAN,8745.76,1183364.02,0.007390591442859654
Haida Gwaii,2013,sablefish,SABLEFPCAN,950863.04,5786972.91,0.16431095406665727
Central Coast,2013,sablefish,SABLEFPCAN,154926.04,4682897.63,0.03308337107510079
North Vancouver Island,2013,sablefish,SABLEFPCAN,228410.96,18195198.150000002,0.01255336480081147
Aristazabal Island,2013,sablefish,SABLEFPCAN,0,32967.89,0
Pacific Offshore,2013,sablefish,SABLEFPCAN,40791.38,320986.21,0.127081409509773
West Vancouver Island,2012,sablefish,SABLEFPCAN,485565.84,27955083.53,0.017369500594727787
Strait of Georgia,2012,sablefish,SABLEFPCAN,0,459578.76,0
North Coast,2012,sablefish,SABLEFPCAN,8150.86,1012947.5,0.008046675666804054
Haida Gwaii,2012,sablefish,SABLEFPCAN,1241996.12,5858837.890000001,0.2119867699565246
Central Coast,2012,sablefish,SABLEFPCAN,222264.95,6651097.05,0.03341778782193533
North Vancouver Island,2012,sablefish,SABLEFPCAN,152628.19,15882505.030000001,0.009609831050687852
Aristazabal Island,2012,sablefish,SABLEFPCAN,27.21,28531.95,9.536677303864615e-4
Pacific Offshore,2012,sablefish,SABLEFPCAN,94070.46,308783.42000000004,0.30464867576115323
West Vancouver Island,2011,sablefish,SABLEFPCAN,564190.9,37483061.97,0.015051889316074464
Strait of Georgia,2011,sablefish,SABLEFPCAN,0,5808.61,0
North Coast,2011,sablefish,SABLEFPCAN,7768.41,1116084.9,0.006960411345050901
Haida Gwaii,2011,sablefish,SABLEFPCAN,1164437.1,6398602.08,0.18198304652193656
Central Coast,2011,sablefish,SABLEFPCAN,148430.8,9315430.09,0.015933864412695085
North Vancouver Island,2011,sablefish,SABLEFPCAN,150088.9,12880619.940000001,0.011652304058278112
Aristazabal Island,2011,sablefish,SABLEFPCAN,367.95,30500.67,0.01206366942103239
Pacific Offshore,2011,sablefish,SABLEFPCAN,77906.35,387591.51,0.20100117776057583
West Vancouver Island,2010,sablefish,SABLEFPCAN,268583.77,48255117.88,0.005565912628540449
Strait of Georgia,2010,sablefish,SABLEFPCAN,564.2,5777.28,0.09765841364794507
North Coast,2010,sablefish,SABLEFPCAN,391459.93,1510411.17,0.2591744140769298
Haida Gwaii,2010,sablefish,SABLEFPCAN,2373431.02,9266914.43,0.25611880177898655
Central Coast,2010,sablefish,SABLEFPCAN,750404.56,8696099.86,0.08629208174709255
North Vancouver Island,2010,sablefish,SABLEFPCAN,175089.05,2632440.65,0.0665120598255463
Aristazabal Island,2010,sablefish,SABLEFPCAN,24964.63,50359.26,0.4957306759471843
Pacific Offshore,2010,sablefish,SABLEFPCAN,5871.03,366517.52,0.016018415709022585
West Vancouver Island,2009,sablefish,SABLEFPCAN,465562.55,37271476.04,0.012491121883671984
North Coast,2009,sablefish,SABLEFPCAN,8658.93,842187.1699999999,0.010281479353336623
Haida Gwaii,2009,sablefish,SABLEFPCAN,1649913.23,7717113.55,0.21379926825101594
Central Coast,2009,sablefish,SABLEFPCAN,216134.98,12261406.66,0.01762725811102003
North Vancouver Island,2009,sablefish,SABLEFPCAN,135841.75,5608324.96,0.024221447752913378
Aristazabal Island,2009,sablefish,SABLEFPCAN,253.18,25609.350000000002,0.009886232957884522
Pacific Offshore,2009,sablefish,SABLEFPCAN,79199.76,169631.05,0.46689423899692895
West Vancouver Island,2008,sablefish,SABLEFPCAN,924596.85,44447984.55,0.02080177221443891
Strait of Georgia,2008,sablefish,SABLEFPCAN,24.17,4651.72,0.00519592752788216
North Coast,2008,sablefish,SABLEFPCAN,14565.78,3751913.03,0.0038822275152790527
Haida Gwaii,2008,sablefish,SABLEFPCAN,1642115.32,7449780.51,0.22042465785344328
Central Coast,2008,sablefish,SABLEFPCAN,185446.82,22705959.03,0.008167319414034898
North Vancouver Island,2008,sablefish,SABLEFPCAN,280645.4,2432808.94,0.1153585862768163
Aristazabal Island,2008,sablefish,SABLEFPCAN,329.54,27200.52,0.012115209562170135
Pacific Offshore,2008,sablefish,SABLEFPCAN,45407.62,405129.13,0.11208184412708116
West Vancouver Island,2007,sablefish,SABLEFPCAN,930955.14,28149583.85,0.033071719459895316
Strait of Georgia,2007,sablefish,SABLEFPCAN,469.5,7543.88,0.06223587861949024
North Coast,2007,sablefish,SABLEFPCAN,8291.45,2272795.24,0.0036481289005163525
Haida Gwaii,2007,sablefish,SABLEFPCAN,1903181.71,7386760.319999999,0.25764768688203493
Central Coast,2007,sablefish,SABLEFPCAN,252827.51,29969006.09,0.008436299463543538
North Vancouver Island,2007,sablefish,SABLEFPCAN,229609.82,9642762.209999999,0.02381162316352505
Aristazabal Island,2007,sablefish,SABLEFPCAN,104.11,27757.55,0.0037506912533707046
Pacific Offshore,2007,sablefish,SABLEFPCAN,69852.62,302963.38,0.23056456526197983
West Vancouver Island,2015,skates,NA,110457.4,32733550.720067725,NA
Strait of Georgia,2015,skates,NA,16048.58,16916651.25803751,NA
North Coast,2015,skates,NA,142068.91,6183163.396933077,NA
Haida Gwaii,2015,skates,NA,200898.32,13542664.750681318,NA
Central Coast,2015,skates,NA,53893.99,4916529.47,NA
North Vancouver Island,2015,skates,NA,7774.88,5466401.905034657,NA
Aristazabal Island,2015,skates,NA,222.48,130331.65999999999,NA
Pacific Offshore,2015,skates,NA,126.86,41301.17,NA
West Vancouver Island,2014,skates,NA,164534.07,22189020.67017055,NA
Strait of Georgia,2014,skates,NA,12147.31,15508684.950623112,NA
North Coast,2014,skates,NA,171935.1,8738613.755689513,NA
Haida Gwaii,2014,skates,NA,256899,9029312.29,NA
Central Coast,2014,skates,NA,195020.17,4845805.251217306,NA
North Vancouver Island,2014,skates,NA,23547.8,5490220.951330182,NA
Aristazabal Island,2014,skates,NA,3212.26,1330071.9520534652,NA
Pacific Offshore,2014,skates,NA,629.25,9361.24,NA
West Vancouver Island,2013,skates,NA,222867.55,17316756.11883684,NA
Strait of Georgia,2013,skates,NA,12039.5,14096211.830460355,NA
North Coast,2013,skates,NA,244089.26,4330308.408733,NA
Haida Gwaii,2013,skates,NA,282996.39,6216991.811604084,NA
Central Coast,2013,skates,NA,130278.27,9412649.495147534,NA
North Vancouver Island,2013,skates,NA,22986.89,4996359.600110408,NA
Aristazabal Island,2013,skates,NA,804.44,679871.7443152436,NA
Pacific Offshore,2013,skates,NA,864.37,30041.54,NA
West Vancouver Island,2012,skates,NA,263395.67,15713811.249980953,NA
Strait of Georgia,2012,skates,NA,9808.09,11309120.898615398,NA
North Coast,2012,skates,NA,222082.9,3888577.477974049,NA
Haida Gwaii,2012,skates,NA,202288.5,10845063.119959434,NA
Central Coast,2012,skates,NA,224987.99,5370408.079975308,NA
North Vancouver Island,2012,skates,NA,34060.29,5365299.907356744,NA
Aristazabal Island,2012,skates,NA,1599.87,85526.64,NA
Pacific Offshore,2012,skates,NA,591.76,14818.8,NA
West Vancouver Island,2011,skates,NA,284514.21,15620818.084793031,NA
Strait of Georgia,2011,skates,NA,7096.56,7687581.640764271,NA
North Coast,2011,skates,NA,341850.04,8595484.047202013,NA
Haida Gwaii,2011,skates,NA,296253.08,7319205.81,NA
Central Coast,2011,skates,NA,353005.38,5212590.872784705,NA
North Vancouver Island,2011,skates,NA,36558.73,6452203.007632233,NA
Aristazabal Island,2011,skates,NA,1433,993976.140166846,NA
Pacific Offshore,2011,skates,NA,237.5,6367.5,NA
West Vancouver Island,2010,skates,NA,248870.27,10583536.314029172,NA
Strait of Georgia,2010,skates,NA,9080.58,7873037.449448899,NA
North Coast,2010,skates,NA,292254.56,3841450.283543457,NA
Haida Gwaii,2010,skates,NA,204830.1,9241521.132846788,NA
Central Coast,2010,skates,NA,228593.74,9532951.747544048,NA
North Vancouver Island,2010,skates,NA,43684.41,5870856.955335896,NA
Aristazabal Island,2010,skates,NA,3294.82,588791.5203010635,NA
Pacific Offshore,2010,skates,NA,652.16,34715.009999999995,NA
West Vancouver Island,2009,skates,NA,277476.55,14065268.216425687,NA
Strait of Georgia,2009,skates,NA,4684.84,18544835.568107594,NA
North Coast,2009,skates,NA,262174.69,5081576.212980492,NA
Haida Gwaii,2009,skates,NA,180211.18,14117849.720231751,NA
Central Coast,2009,skates,NA,106798.31,5085115.877180197,NA
North Vancouver Island,2009,skates,NA,39767.36,6671595.270052206,NA
Aristazabal Island,2009,skates,NA,5186.36,454057.20029877074,NA
Pacific Offshore,2009,skates,NA,926.44,9615.72,NA
West Vancouver Island,2008,skates,NA,268086.36,14536209.030206352,NA
Strait of Georgia,2008,skates,NA,7644.58,12169803.32048056,NA
North Coast,2008,skates,NA,269932.96,9152255.537298894,NA
Haida Gwaii,2008,skates,NA,196056.65,11240284.73,NA
Central Coast,2008,skates,NA,120155.98,4152124.140710771,NA
North Vancouver Island,2008,skates,NA,32194.31,4130771.8948168396,NA
Aristazabal Island,2008,skates,NA,3230.7,1142380.2229039313,NA
Pacific Offshore,2008,skates,NA,947.58,12437.29,NA
West Vancouver Island,2007,skates,NA,154708.34,9911612.701645885,NA
Strait of Georgia,2007,skates,NA,9948.13,13400668.095038457,NA
North Coast,2007,skates,NA,145307.37,4634037.613483222,NA
Haida Gwaii,2007,skates,NA,187692.11,11755290.6,NA
Central Coast,2007,skates,NA,423918.24,9862748.438992398,NA
North Vancouver Island,2007,skates,NA,34701.37,4732867.0501448,NA
Aristazabal Island,2007,skates,NA,584.17,187168.9044411718,NA
Pacific Offshore,2007,skates,NA,349.62,9217.08,NA
West Vancouver Island,2015,spot_prawn,NA,470999,32733550.720067725,NA
Strait of Georgia,2015,spot_prawn,NA,1281399,16916651.25803751,NA
North Coast,2015,spot_prawn,NA,137362,6183163.396933077,NA
Haida Gwaii,2015,spot_prawn,NA,161892,13542664.750681318,NA
Central Coast,2015,spot_prawn,NA,449314,4916529.47,NA
North Vancouver Island,2015,spot_prawn,NA,1390667,5466401.905034657,NA
Aristazabal Island,2015,spot_prawn,NA,11225,130331.65999999999,NA
Pacific Offshore,2015,spot_prawn,NA,0,41301.17,NA
West Vancouver Island,2014,spot_prawn,NA,724384,22189020.67017055,NA
Strait of Georgia,2014,spot_prawn,NA,955626,15508684.950623112,NA
North Coast,2014,spot_prawn,NA,162925,8738613.755689513,NA
Haida Gwaii,2014,spot_prawn,NA,118674,9029312.29,NA
Central Coast,2014,spot_prawn,NA,334172,4845805.251217306,NA
North Vancouver Island,2014,spot_prawn,NA,1188703,5490220.951330182,NA
Aristazabal Island,2014,spot_prawn,NA,13505,1330071.9520534652,NA
Pacific Offshore,2014,spot_prawn,NA,0,9361.24,NA
West Vancouver Island,2013,spot_prawn,NA,609418,17316756.11883684,NA
Strait of Georgia,2013,spot_prawn,NA,1232481,14096211.830460355,NA
North Coast,2013,spot_prawn,NA,214766,4330308.408733,NA
Haida Gwaii,2013,spot_prawn,NA,77950,6216991.811604084,NA
Central Coast,2013,spot_prawn,NA,438868,9412649.495147534,NA
North Vancouver Island,2013,spot_prawn,NA,996291,4996359.600110408,NA
Aristazabal Island,2013,spot_prawn,NA,9809,679871.7443152436,NA
Pacific Offshore,2013,spot_prawn,NA,0,30041.54,NA
West Vancouver Island,2012,spot_prawn,NA,688875,15713811.249980953,NA
Strait of Georgia,2012,spot_prawn,NA,1454680,11309120.898615398,NA
North Coast,2012,spot_prawn,NA,165082,3888577.477974049,NA
Haida Gwaii,2012,spot_prawn,NA,79825,10845063.119959434,NA
Central Coast,2012,spot_prawn,NA,522828,5370408.079975308,NA
North Vancouver Island,2012,spot_prawn,NA,922081,5365299.907356744,NA
Aristazabal Island,2012,spot_prawn,NA,5831,85526.64,NA
Pacific Offshore,2012,spot_prawn,NA,0,14818.8,NA
West Vancouver Island,2011,spot_prawn,NA,1350196,15620818.084793031,NA
Strait of Georgia,2011,spot_prawn,NA,1940514,7687581.640764271,NA
North Coast,2011,spot_prawn,NA,140131,8595484.047202013,NA
Haida Gwaii,2011,spot_prawn,NA,136599,7319205.81,NA
Central Coast,2011,spot_prawn,NA,707207,5212590.872784705,NA
North Vancouver Island,2011,spot_prawn,NA,1662111,6452203.007632233,NA
Aristazabal Island,2011,spot_prawn,NA,7368,993976.140166846,NA
Pacific Offshore,2011,spot_prawn,NA,0,6367.5,NA
West Vancouver Island,2010,spot_prawn,NA,902499,10583536.314029172,NA
Strait of Georgia,2010,spot_prawn,NA,1632727,7873037.449448899,NA
North Coast,2010,spot_prawn,NA,116820,3841450.283543457,NA
Haida Gwaii,2010,spot_prawn,NA,152257,9241521.132846788,NA
Central Coast,2010,spot_prawn,NA,463484,9532951.747544048,NA
North Vancouver Island,2010,spot_prawn,NA,1389861,5870856.955335896,NA
Aristazabal Island,2010,spot_prawn,NA,5367,588791.5203010635,NA
Pacific Offshore,2010,spot_prawn,NA,0,34715.009999999995,NA
West Vancouver Island,2009,spot_prawn,NA,957538,14065268.216425687,NA
Strait of Georgia,2009,spot_prawn,NA,3440395,18544835.568107594,NA
North Coast,2009,spot_prawn,NA,169979,5081576.212980492,NA
Haida Gwaii,2009,spot_prawn,NA,77817,14117849.720231751,NA
Central Coast,2009,spot_prawn,NA,550879,5085115.877180197,NA
North Vancouver Island,2009,spot_prawn,NA,2124998,6671595.270052206,NA
Aristazabal Island,2009,spot_prawn,NA,4159,454057.20029877074,NA
Pacific Offshore,2009,spot_prawn,NA,0,9615.72,NA
West Vancouver Island,2008,spot_prawn,NA,520929,14536209.030206352,NA
Strait of Georgia,2008,spot_prawn,NA,2943904,12169803.32048056,NA
North Coast,2008,spot_prawn,NA,145091,9152255.537298894,NA
Haida Gwaii,2008,spot_prawn,NA,73576,11240284.73,NA
Central Coast,2008,spot_prawn,NA,329623,4152124.140710771,NA
North Vancouver Island,2008,spot_prawn,NA,1077016,4130771.8948168396,NA
Aristazabal Island,2008,spot_prawn,NA,4131,1142380.2229039313,NA
Pacific Offshore,2008,spot_prawn,NA,0,12437.29,NA
West Vancouver Island,2007,spot_prawn,NA,439174,9911612.701645885,NA
Strait of Georgia,2007,spot_prawn,NA,3662705,13400668.095038457,NA
North Coast,2007,spot_prawn,NA,252001,4634037.613483222,NA
Haida Gwaii,2007,spot_prawn,NA,75319,11755290.6,NA
Central Coast,2007,spot_prawn,NA,395742,9862748.438992398,NA
North Vancouver Island,2007,spot_prawn,NA,1173250,4732867.0501448,NA
Aristazabal Island,2007,spot_prawn,NA,4387,187168.9044411718,NA
Pacific Offshore,2007,spot_prawn,NA,0,9217.08,NA
West Vancouver Island,2015,walleye_pollock,NA,409094.29,32733550.720067725,NA
Strait of Georgia,2015,walleye_pollock,NA,690018.91,16916651.25803751,NA
North Coast,2015,walleye_pollock,NA,1117237.77,6183163.396933077,NA
Haida Gwaii,2015,walleye_pollock,NA,381100.13,13542664.750681318,NA
Central Coast,2015,walleye_pollock,NA,60181.72,4916529.47,NA
North Vancouver Island,2015,walleye_pollock,NA,1749425.1,5466401.905034657,NA
Aristazabal Island,2015,walleye_pollock,NA,0,130331.65999999999,NA
West Vancouver Island,2014,walleye_pollock,NA,4002870.03,22189020.67017055,NA
Strait of Georgia,2014,walleye_pollock,NA,866665.33,15508684.950623112,NA
North Coast,2014,walleye_pollock,NA,453722.07,8738613.755689513,NA
Haida Gwaii,2014,walleye_pollock,NA,180958,9029312.29,NA
Central Coast,2014,walleye_pollock,NA,31495.09,4845805.251217306,NA
North Vancouver Island,2014,walleye_pollock,NA,2003360.5,5490220.951330182,NA
Aristazabal Island,2014,walleye_pollock,NA,0,1330071.9520534652,NA
Pacific Offshore,2014,walleye_pollock,NA,0,9361.24,NA
West Vancouver Island,2013,walleye_pollock,NA,141513.36,17316756.11883684,NA
Strait of Georgia,2013,walleye_pollock,NA,1071235.94,14096211.830460355,NA
North Coast,2013,walleye_pollock,NA,271932.05,4330308.408733,NA
Haida Gwaii,2013,walleye_pollock,NA,543666.01,6216991.811604084,NA
Central Coast,2013,walleye_pollock,NA,35870.39,9412649.495147534,NA
North Vancouver Island,2013,walleye_pollock,NA,1334626.7,4996359.600110408,NA
Pacific Offshore,2013,walleye_pollock,NA,0,30041.54,NA
West Vancouver Island,2012,walleye_pollock,NA,1205043.3,15713811.249980953,NA
Strait of Georgia,2012,walleye_pollock,NA,1010747.57,11309120.898615398,NA
North Coast,2012,walleye_pollock,NA,305541.27,3888577.477974049,NA
Haida Gwaii,2012,walleye_pollock,NA,820638.33,10845063.119959434,NA
Central Coast,2012,walleye_pollock,NA,44578.07,5370408.079975308,NA
North Vancouver Island,2012,walleye_pollock,NA,1702913.99,5365299.907356744,NA
Pacific Offshore,2012,walleye_pollock,NA,0,14818.8,NA
West Vancouver Island,2011,walleye_pollock,NA,1302107.6,15620818.084793031,NA
Strait of Georgia,2011,walleye_pollock,NA,125769.64,7687581.640764271,NA
North Coast,2011,walleye_pollock,NA,82343.27,8595484.047202013,NA
Haida Gwaii,2011,walleye_pollock,NA,738668.62,7319205.81,NA
Central Coast,2011,walleye_pollock,NA,47784.77,5212590.872784705,NA
North Vancouver Island,2011,walleye_pollock,NA,1871003,6452203.007632233,NA
Aristazabal Island,2011,walleye_pollock,NA,0,993976.140166846,NA
West Vancouver Island,2010,walleye_pollock,NA,61830.55,10583536.314029172,NA
Strait of Georgia,2010,walleye_pollock,NA,1296.88,7873037.449448899,NA
North Coast,2010,walleye_pollock,NA,291244.27,3841450.283543457,NA
Haida Gwaii,2010,walleye_pollock,NA,1371445.74,9241521.132846788,NA
Central Coast,2010,walleye_pollock,NA,18888.32,9532951.747544048,NA
North Vancouver Island,2010,walleye_pollock,NA,1884038.14,5870856.955335896,NA
Pacific Offshore,2010,walleye_pollock,NA,0,34715.009999999995,NA
West Vancouver Island,2009,walleye_pollock,NA,186418.73,14065268.216425687,NA
Strait of Georgia,2009,walleye_pollock,NA,27584.41,18544835.568107594,NA
North Coast,2009,walleye_pollock,NA,133364.05,5081576.212980492,NA
Haida Gwaii,2009,walleye_pollock,NA,1291065.97,14117849.720231751,NA
Central Coast,2009,walleye_pollock,NA,9178.19,5085115.877180197,NA
North Vancouver Island,2009,walleye_pollock,NA,1502284.12,6671595.270052206,NA
Pacific Offshore,2009,walleye_pollock,NA,0,9615.72,NA
West Vancouver Island,2008,walleye_pollock,NA,574.89,14536209.030206352,NA
Strait of Georgia,2008,walleye_pollock,NA,1833.71,12169803.32048056,NA
North Coast,2008,walleye_pollock,NA,83338.46,9152255.537298894,NA
Haida Gwaii,2008,walleye_pollock,NA,264579.37,11240284.73,NA
Central Coast,2008,walleye_pollock,NA,3724.79,4152124.140710771,NA
North Vancouver Island,2008,walleye_pollock,NA,973576.95,4130771.8948168396,NA
Strait of Georgia,2007,walleye_pollock,NA,620.31,13400668.095038457,NA
North Coast,2007,walleye_pollock,NA,113131.67,4634037.613483222,NA
Haida Gwaii,2007,walleye_pollock,NA,586622.24,11755290.6,NA
Central Coast,2007,walleye_pollock,NA,22710.23,9862748.438992398,NA
North Vancouver Island,2007,walleye_pollock,NA,1070471.07,4732867.0501448,NA
Aristazabal Island,2007,walleye_pollock,NA,63.75,187168.9044411718,NA
Pacific Offshore,2007,walleye_pollock,NA,0,9217.08,NA
West Vancouver Island,2015,sole,NA,1285716.28,32733550.720067725,NA
Strait of Georgia,2015,sole,NA,75422.67,16916651.25803751,NA
North Coast,2015,sole,NA,421238.78,6183163.396933077,NA
Haida Gwaii,2015,sole,NA,465776.27,13542664.750681318,NA
Central Coast,2015,sole,NA,196610.55,4916529.47,NA
North Vancouver Island,2015,sole,NA,76802.64,5466401.905034657,NA
Aristazabal Island,2015,sole,NA,478.9,130331.65999999999,NA
Pacific Offshore,2015,sole,NA,13465.93,41301.17,NA
West Vancouver Island,2014,sole,NA,1433357.16,22189020.67017055,NA
Strait of Georgia,2014,sole,NA,80209.72,15508684.950623112,NA
North Coast,2014,sole,NA,554479.43,8738613.755689513,NA
Haida Gwaii,2014,sole,NA,683178.66,9029312.29,NA
Central Coast,2014,sole,NA,186402.75,4845805.251217306,NA
North Vancouver Island,2014,sole,NA,95888.34,5490220.951330182,NA
Aristazabal Island,2014,sole,NA,154.79,1330071.9520534652,NA
Pacific Offshore,2014,sole,NA,406.79,9361.24,NA
West Vancouver Island,2013,sole,NA,1703740.26,17316756.11883684,NA
Strait of Georgia,2013,sole,NA,102051.33,14096211.830460355,NA
North Coast,2013,sole,NA,901572.89,4330308.408733,NA
Haida Gwaii,2013,sole,NA,679928.32,6216991.811604084,NA
Central Coast,2013,sole,NA,217890.04,9412649.495147534,NA
North Vancouver Island,2013,sole,NA,93523.86,4996359.600110408,NA
Aristazabal Island,2013,sole,NA,138.52,679871.7443152436,NA
Pacific Offshore,2013,sole,NA,0,30041.54,NA
West Vancouver Island,2012,sole,NA,1776045.56,15713811.249980953,NA
Strait of Georgia,2012,sole,NA,83825.3,11309120.898615398,NA
North Coast,2012,sole,NA,1083893.35,3888577.477974049,NA
Haida Gwaii,2012,sole,NA,680149.78,10845063.119959434,NA
Central Coast,2012,sole,NA,253917.08,5370408.079975308,NA
North Vancouver Island,2012,sole,NA,83632.06,5365299.907356744,NA
Aristazabal Island,2012,sole,NA,82.61,85526.64,NA
Pacific Offshore,2012,sole,NA,4226.8,14818.8,NA
West Vancouver Island,2011,sole,NA,1823564.81,15620818.084793031,NA
Strait of Georgia,2011,sole,NA,81613.34,7687581.640764271,NA
North Coast,2011,sole,NA,814812.02,8595484.047202013,NA
Haida Gwaii,2011,sole,NA,803479.14,7319205.81,NA
Central Coast,2011,sole,NA,259074.1,5212590.872784705,NA
North Vancouver Island,2011,sole,NA,89001.79,6452203.007632233,NA
Aristazabal Island,2011,sole,NA,23.81,993976.140166846,NA
West Vancouver Island,2010,sole,NA,1038473.2,10583536.314029172,NA
Strait of Georgia,2010,sole,NA,82179.81,7873037.449448899,NA
North Coast,2010,sole,NA,666003.99,3841450.283543457,NA
Haida Gwaii,2010,sole,NA,647474.56,9241521.132846788,NA
Central Coast,2010,sole,NA,335519.38,9532951.747544048,NA
North Vancouver Island,2010,sole,NA,72185.14,5870856.955335896,NA
Aristazabal Island,2010,sole,NA,107,588791.5203010635,NA
West Vancouver Island,2009,sole,NA,1105251.88,14065268.216425687,NA
Strait of Georgia,2009,sole,NA,68493,18544835.568107594,NA
North Coast,2009,sole,NA,846319.74,5081576.212980492,NA
Haida Gwaii,2009,sole,NA,788154.4,14117849.720231751,NA
Central Coast,2009,sole,NA,239702.05,5085115.877180197,NA
North Vancouver Island,2009,sole,NA,140448.68,6671595.270052206,NA
West Vancouver Island,2008,sole,NA,1335939.39,14536209.030206352,NA
Strait of Georgia,2008,sole,NA,65753.68,12169803.32048056,NA
North Coast,2008,sole,NA,1043253.86,9152255.537298894,NA
Haida Gwaii,2008,sole,NA,881438.45,11240284.73,NA
Central Coast,2008,sole,NA,169465.77,4152124.140710771,NA
North Vancouver Island,2008,sole,NA,74353.49,4130771.8948168396,NA
Aristazabal Island,2008,sole,NA,19.92,1142380.2229039313,NA
Pacific Offshore,2008,sole,NA,157.1,12437.29,NA
West Vancouver Island,2007,sole,NA,664323.57,9911612.701645885,NA
Strait of Georgia,2007,sole,NA,75838.97,13400668.095038457,NA
North Coast,2007,sole,NA,737412.94,4634037.613483222,NA
Haida Gwaii,2007,sole,NA,411227.6,11755290.6,NA
Central Coast,2007,sole,NA,321568.24,9862748.438992398,NA
North Vancouver Island,2007,sole,NA,117304.15,4732867.0501448,NA
Aristazabal Island,2007,sole,NA,83.12,187168.9044411718,NA
Pacific Offshore,2007,sole,NA,87.76,9217.08,NA
West Vancouver Island,2015,srsole,NA,10723.53,32733550.720067725,NA
Strait of Georgia,2015,srsole,NA,4629.36,16916651.25803751,NA
North Coast,2015,srsole,RSOLEHSTR,150061.33,714184.1599999999,0.21011573541479833
Haida Gwaii,2015,srsole,RSOLE5AB,45806.69838365673,6495333.24,0.007052247620116982
Haida Gwaii,2015,srsole,RSOLEHSTR,192239.63161634325,6495333.24,0.02959657719060204
Central Coast,2015,srsole,RSOLE5AB,91346.21923486472,5495709.58,0.01662136943467539
Central Coast,2015,srsole,RSOLEHSTR,11724.550765135295,5495709.58,0.002133400718226325
North Vancouver Island,2015,srsole,RSOLE5AB,3609.8,13240157.73,2.7264025652963276e-4
Aristazabal Island,2015,srsole,RSOLE5AB,0.5851872053353091,28485.460000000003,2.0543365118039484e-5
Aristazabal Island,2015,srsole,RSOLEHSTR,21.54481279466469,28485.460000000003,7.563442119124876e-4
Pacific Offshore,2015,srsole,NA,0,41301.17,NA
West Vancouver Island,2014,srsole,NA,33128,22189020.67017055,NA
Strait of Georgia,2014,srsole,NA,7200.04,15508684.950623112,NA
North Coast,2014,srsole,RSOLEHSTR,216393.49,830930.46,0.26042310447976597
Haida Gwaii,2014,srsole,RSOLE5AB,36016.762195612864,5381161.89,0.006693119986325642
Haida Gwaii,2014,srsole,RSOLEHSTR,151153.6378043871,5381161.89,0.028089405391293128
Central Coast,2014,srsole,RSOLE5AB,197810.57236916252,2235712.94,0.0884776255618767
Central Coast,2014,srsole,RSOLEHSTR,25389.557630837502,2235712.94,0.01135635849155013
North Vancouver Island,2014,srsole,RSOLE5AB,10743.55,4623223.77,0.002323822193014897
Aristazabal Island,2014,srsole,RSOLE5AB,0.8943077851080052,43925.350000000006,2.035971904852221e-5
Aristazabal Island,2014,srsole,RSOLEHSTR,32.925692214891995,43925.350000000006,7.495829222736299e-4
Pacific Offshore,2014,srsole,NA,0,9361.24,NA
West Vancouver Island,2013,srsole,NA,30876.26,17316756.11883684,NA
Strait of Georgia,2013,srsole,NA,6032.53,14096211.830460355,NA
North Coast,2013,srsole,RSOLEHSTR,307799.22,1183364.02,0.2601052717489247
Haida Gwaii,2013,srsole,RSOLE5AB,49307.38279413323,5786972.91,0.008520410162786337
Haida Gwaii,2013,srsole,RSOLEHSTR,206931.15720586677,5786972.91,0.03575810020611739
Central Coast,2013,srsole,RSOLE5AB,164701.74577834012,4682897.63,0.03517090459616563
Central Coast,2013,srsole,RSOLEHSTR,21139.944221659895,4682897.63,0.004514287070089101
North Vancouver Island,2013,srsole,RSOLE5AB,16608.99,18195198.150000002,9.12822705368559e-4
Pacific Offshore,2013,srsole,NA,0,30041.54,NA
West Vancouver Island,2012,srsole,NA,23091.06,15713811.249980953,NA
Strait of Georgia,2012,srsole,NA,9229.1,11309120.898615398,NA
North Coast,2012,srsole,RSOLEHSTR,214259.47,1012947.5,0.21152080438522233
Haida Gwaii,2012,srsole,RSOLE5AB,55149.403824440706,5858837.890000001,0.009413027781255218
Haida Gwaii,2012,srsole,RSOLEHSTR,231448.70617555926,5858837.890000001,0.03950420040988013
Central Coast,2012,srsole,RSOLE5AB,258296.28646822963,6651097.05,0.038835140207167725
Central Coast,2012,srsole,RSOLEHSTR,33153.07353177037,6651097.05,0.004984602281780022
North Vancouver Island,2012,srsole,RSOLE5AB,45744.23,15882505.030000001,0.002880164678908967
Aristazabal Island,2012,srsole,RSOLE5AB,0.7800733193579584,28531.95,2.7340343697432472e-5
Aristazabal Island,2012,srsole,RSOLEHSTR,28.71992668064204,28531.95,0.0010065882871882939
Pacific Offshore,2012,srsole,NA,0,14818.8,NA
West Vancouver Island,2011,srsole,NA,25351.4,15620818.084793031,NA
Strait of Georgia,2011,srsole,NA,6566.8,7687581.640764271,NA
North Coast,2011,srsole,RSOLEHSTR,388373.1,1116084.9,0.34797809736517354
Haida Gwaii,2011,srsole,RSOLE5AB,41218.92084479344,6398602.08,0.006441863446022173
Haida Gwaii,2011,srsole,RSOLEHSTR,172985.83915520654,6398602.08,0.027034942475311192
Central Coast,2011,srsole,RSOLE5AB,332566.6952385318,9315430.09,0.03570062702693009
Central Coast,2011,srsole,RSOLEHSTR,42685.89476146827,9315430.09,0.004582278472283427
North Vancouver Island,2011,srsole,RSOLE5AB,42015.23,12880619.940000001,0.0032618950171430954
Aristazabal Island,2011,srsole,RSOLE5AB,0.1977948619931366,30500.67,6.4849349864490384e-6
Aristazabal Island,2011,srsole,RSOLEHSTR,7.282205138006864,30500.67,2.387555794022513e-4
Pacific Offshore,2011,srsole,NA,0,6367.5,NA
West Vancouver Island,2010,srsole,NA,9353.1,10583536.314029172,NA
Strait of Georgia,2010,srsole,NA,2792.68,7873037.449448899,NA
North Coast,2010,srsole,RSOLEHSTR,171618.63,1510411.17,0.1136237823241204
Haida Gwaii,2010,srsole,RSOLE5AB,65870.07796957064,9266914.43,0.007108091745870437
Haida Gwaii,2010,srsole,RSOLEHSTR,276440.7820304293,9266914.43,0.0298309414766474
Central Coast,2010,srsole,RSOLE5AB,391211.40726478444,8696099.86,0.04498699572946078
Central Coast,2010,srsole,RSOLEHSTR,50213.11273521562,8696099.86,0.005774210685664277
North Vancouver Island,2010,srsole,RSOLE5AB,56912.7,2632440.65,0.021619746678809264
Aristazabal Island,2010,srsole,RSOLE5AB,0.12824934233512197,50359.26,2.5466883813448006e-6
Aristazabal Island,2010,srsole,RSOLEHSTR,4.721750657664877,50359.26,9.376131932170722e-5
Pacific Offshore,2010,srsole,NA,0,34715.009999999995,NA
West Vancouver Island,2009,srsole,NA,19646.58,14065268.216425687,NA
Strait of Georgia,2009,srsole,NA,6836.48,18544835.568107594,NA
North Coast,2009,srsole,RSOLEHSTR,175091.31,842187.1699999999,0.20790070929244864
Haida Gwaii,2009,srsole,RSOLE5AB,117570.49499881738,7717113.55,0.015235034995541484
Haida Gwaii,2009,srsole,RSOLEHSTR,493414.9250011826,7717113.55,0.06393775623544928
Central Coast,2009,srsole,RSOLE5AB,149672.25436064915,12261406.66,0.0122067768006521
Central Coast,2009,srsole,RSOLEHSTR,19210.86563935086,12261406.66,0.0015667750179122484
North Vancouver Island,2009,srsole,RSOLE5AB,25141.22,5608324.96,0.004482839382402692
Aristazabal Island,2009,srsole,RSOLE5AB,0.6103082105349722,25609.350000000002,2.3831460405475818e-5
Aristazabal Island,2009,srsole,RSOLEHSTR,22.469691789465024,25609.350000000002,8.774018781993694e-4
Pacific Offshore,2009,srsole,NA,0,9615.72,NA
West Vancouver Island,2008,srsole,NA,3151.66,14536209.030206352,NA
Strait of Georgia,2008,srsole,NA,3987.52,12169803.32048056,NA
North Coast,2008,srsole,RSOLEHSTR,210640.66,3751913.03,0.05614220220877562
Haida Gwaii,2008,srsole,RSOLE5AB,53437.70397985517,7449780.51,0.0071730575025834116
Haida Gwaii,2008,srsole,RSOLEHSTR,224265.1160201448,7449780.51,0.030103587041136172
Central Coast,2008,srsole,RSOLE5AB,52624.68044677527,22705959.03,0.002317659446898741
Central Coast,2008,srsole,RSOLEHSTR,6754.529553224734,22705959.03,2.974782762666129e-4
North Vancouver Island,2008,srsole,RSOLE5AB,15450.95,2432808.94,0.006351074162034278
Aristazabal Island,2008,srsole,RSOLE5AB,0.12904263723616397,27200.52,4.7441239077842615e-6
Aristazabal Island,2008,srsole,RSOLEHSTR,4.7509573627638355,27200.52,1.7466421093287319e-4
Pacific Offshore,2008,srsole,NA,0,12437.29,NA
West Vancouver Island,2007,srsole,NA,2701.24,9911612.701645885,NA
Strait of Georgia,2007,srsole,NA,768.69,13400668.095038457,NA
North Coast,2007,srsole,RSOLEHSTR,196315.17,2272795.24,0.08637609167115291
Haida Gwaii,2007,srsole,RSOLE5AB,72545.43969657843,7386760.319999999,0.009821009015299744
Haida Gwaii,2007,srsole,RSOLEHSTR,304455.6603034215,7386760.319999999,0.04121639895084907
Central Coast,2007,srsole,RSOLE5AB,170568.92623978047,29969006.09,0.005691510947261463
Central Coast,2007,srsole,RSOLEHSTR,21893.013760219535,29969006.09,7.305218496226592e-4
North Vancouver Island,2007,srsole,RSOLE5AB,25441.31,9642762.209999999,0.00263838404867188
West Vancouver Island,2015,shrimp,NA,17056084,32733550.720067725,NA
Strait of Georgia,2015,shrimp,NA,855852,16916651.25803751,NA
North Coast,2015,shrimp,NA,190907,6183163.396933077,NA
Haida Gwaii,2015,shrimp,NA,0,13542664.750681318,NA
Central Coast,2015,shrimp,NA,33129,4916529.47,NA
North Vancouver Island,2015,shrimp,NA,257632,5466401.905034657,NA
Aristazabal Island,2015,shrimp,NA,0,130331.65999999999,NA
West Vancouver Island,2014,shrimp,NA,15675,22189020.67017055,NA
Strait of Georgia,2014,shrimp,NA,1023751,15508684.950623112,NA
North Coast,2014,shrimp,NA,277032,8738613.755689513,NA
Haida Gwaii,2014,shrimp,NA,0,9029312.29,NA
Central Coast,2014,shrimp,NA,27582,4845805.251217306,NA
North Vancouver Island,2014,shrimp,NA,379213,5490220.951330182,NA
Aristazabal Island,2014,shrimp,NA,0,1330071.9520534652,NA
Pacific Offshore,2014,shrimp,NA,0,9361.24,NA
West Vancouver Island,2013,shrimp,NA,101552,17316756.11883684,NA
Strait of Georgia,2013,shrimp,NA,1170546,14096211.830460355,NA
North Coast,2013,shrimp,NA,300932,4330308.408733,NA
Haida Gwaii,2013,shrimp,NA,0,6216991.811604084,NA
Central Coast,2013,shrimp,NA,1015,9412649.495147534,NA
North Vancouver Island,2013,shrimp,NA,617641,4996359.600110408,NA
Aristazabal Island,2013,shrimp,NA,0,679871.7443152436,NA
Pacific Offshore,2013,shrimp,NA,0,30041.54,NA
West Vancouver Island,2012,shrimp,NA,803759,15713811.249980953,NA
Strait of Georgia,2012,shrimp,NA,958126,11309120.898615398,NA
North Coast,2012,shrimp,NA,205447,3888577.477974049,NA
Haida Gwaii,2012,shrimp,NA,0,10845063.119959434,NA
Central Coast,2012,shrimp,NA,38900,5370408.079975308,NA
North Vancouver Island,2012,shrimp,NA,520068,5365299.907356744,NA
Aristazabal Island,2012,shrimp,NA,0,85526.64,NA
Pacific Offshore,2012,shrimp,NA,0,14818.8,NA
West Vancouver Island,2011,shrimp,NA,304866,15620818.084793031,NA
Strait of Georgia,2011,shrimp,NA,967401,7687581.640764271,NA
North Coast,2011,shrimp,NA,270072,8595484.047202013,NA
Haida Gwaii,2011,shrimp,NA,0,7319205.81,NA
Central Coast,2011,shrimp,NA,16755,5212590.872784705,NA
North Vancouver Island,2011,shrimp,NA,373581,6452203.007632233,NA
Aristazabal Island,2011,shrimp,NA,0,993976.140166846,NA
Pacific Offshore,2011,shrimp,NA,0,6367.5,NA
West Vancouver Island,2010,shrimp,NA,85869,10583536.314029172,NA
Strait of Georgia,2010,shrimp,NA,1155564,7873037.449448899,NA
North Coast,2010,shrimp,NA,149846,3841450.283543457,NA
Haida Gwaii,2010,shrimp,NA,0,9241521.132846788,NA
Central Coast,2010,shrimp,NA,53212,9532951.747544048,NA
North Vancouver Island,2010,shrimp,NA,380577,5870856.955335896,NA
Aristazabal Island,2010,shrimp,NA,0,588791.5203010635,NA
Pacific Offshore,2010,shrimp,NA,0,34715.009999999995,NA
West Vancouver Island,2009,shrimp,NA,683801,14065268.216425687,NA
Strait of Georgia,2009,shrimp,NA,940495,18544835.568107594,NA
North Coast,2009,shrimp,NA,328249,5081576.212980492,NA
Haida Gwaii,2009,shrimp,NA,0,14117849.720231751,NA
Central Coast,2009,shrimp,NA,26620,5085115.877180197,NA
North Vancouver Island,2009,shrimp,NA,310424,6671595.270052206,NA
Aristazabal Island,2009,shrimp,NA,0,454057.20029877074,NA
Pacific Offshore,2009,shrimp,NA,0,9615.72,NA
West Vancouver Island,2008,shrimp,NA,715050,14536209.030206352,NA
Strait of Georgia,2008,shrimp,NA,910309,12169803.32048056,NA
North Coast,2008,shrimp,NA,386939,9152255.537298894,NA
Haida Gwaii,2008,shrimp,NA,1300,11240284.73,NA
Central Coast,2008,shrimp,NA,34332,4152124.140710771,NA
North Vancouver Island,2008,shrimp,NA,220739,4130771.8948168396,NA
Aristazabal Island,2008,shrimp,NA,0,1142380.2229039313,NA
Pacific Offshore,2008,shrimp,NA,0,12437.29,NA
West Vancouver Island,2007,shrimp,NA,540096,9911612.701645885,NA
Strait of Georgia,2007,shrimp,NA,1023858,13400668.095038457,NA
North Coast,2007,shrimp,NA,543292,4634037.613483222,NA
Haida Gwaii,2007,shrimp,NA,37300,11755290.6,NA
Central Coast,2007,shrimp,NA,59329,9862748.438992398,NA
North Vancouver Island,2007,shrimp,NA,351866,4732867.0501448,NA
Aristazabal Island,2007,shrimp,NA,0,187168.9044411718,NA
Pacific Offshore,2007,shrimp,NA,0,9217.08,NA
