fish_dir,fishery,shp,year,fields,values,include,tot_catch_field,mult_catch_fields, reproject
/home/shares/ohi/git-annex/bcprep/_raw_data/dfo_khunter/d2016/fisheries/dungeness_crab_2001_2015,dungeness_crab_2001_2015,Crab2012_legal_limfields,2012,"OID_1, Count_, Sum_HoursS, Sum_clc_wg, Shape_Leng, Shape_Area","54563, 27, 5496, 1309, 0.179745506881, 0.00194009304095",TRUE,Sum_clc_wg,,TRUE
/home/shares/ohi/git-annex/bcprep/_raw_data/dfo_khunter/d2016/fisheries/dungeness_crab_2001_2015,dungeness_crab_2001_2015,Crab2013_legal_limfields,2013,"OID_1, Count_, Sum_HoursS, Sum_clc_wg, Shape_Leng, Shape_Area","54563, 23, 3408, 1239, 0.179745506881, 0.00194009304095",TRUE,Sum_clc_wg,,TRUE
/home/shares/ohi/git-annex/bcprep/_raw_data/dfo_khunter/d2016/fisheries/dungeness_crab_2001_2015,dungeness_crab_2001_2015,Crab2014_legal_limfields,2014,"OID_1, Count_, Sum_HoursS, Sum_clc_wg, Shape_Leng, Shape_Area","53729, 3, 672, 130, 0.179590988512, 0.00193739020505",TRUE,Sum_clc_wg,,TRUE
/home/shares/ohi/git-annex/bcprep/_raw_data/dfo_khunter/d2016/fisheries/dungeness_crab_2001_2015,dungeness_crab_2001_2015,Crab2015_legal_limfields,2015,"OID_1, Count_, Sum_HoursS, Sum_clc_wg, Shape_Leng, Shape_Area","54563, 20, 3288, 2459, 0.179745506881, 0.00194009304095",TRUE,Sum_clc_wg,,TRUE
/home/shares/ohi/git-annex/bcprep/_raw_data/dfo_khunter/d2016/fisheries/dungeness_crab_2001_2015,dungeness_crab_2001_2015,CrabTrap_Dungeness2001_20110222_115633,2001,"ID, ET_ID, GRIDCELL, PNT_COUNT, Catch_kg, Effort_hr, SEASON, Shape_Leng, Shape_Area","0, 21178, 509, 1, 0, 0, 1, 16000, 1.6e+07",TRUE,Catch_kg,,FALSE
/home/shares/ohi/git-annex/bcprep/_raw_data/dfo_khunter/d2016/fisheries/dungeness_crab_2001_2015,dungeness_crab_2001_2015,CrabTrap_Dungeness2002_20110222_115904,2002,"ID, ET_ID, GRIDCELL, PNT_COUNT, Catch_kg, Effort_hr, SEASON, Shape_Leng, Shape_Area","0, 23266, 517, 1, 0, 0, 1, 16000, 1.6e+07",TRUE,Catch_kg,,FALSE
/home/shares/ohi/git-annex/bcprep/_raw_data/dfo_khunter/d2016/fisheries/dungeness_crab_2001_2015,dungeness_crab_2001_2015,CrabTrap_Dungeness2003_20110222_120131,2003,"ID, ET_ID, GRIDCELL, PNT_COUNT, Catch_kg, Effort_hr, SEASON, Shape_Leng, Shape_Area","0, 23619, 507, 1, 0, 0, 1, 16000, 1.6e+07",TRUE,Catch_kg,,FALSE
/home/shares/ohi/git-annex/bcprep/_raw_data/dfo_khunter/d2016/fisheries/dungeness_crab_2001_2015,dungeness_crab_2001_2015,CrabTrap_Dungeness2004_20110222_120352,2004,"ID, ET_ID, GRIDCELL, PNT_COUNT, Catch_kg, Effort_hr, SEASON, Shape_Leng, Shape_Area","0, 23960, 515, 2, 0, 0, 1, 16000, 1.6e+07",TRUE,Catch_kg,,FALSE
/home/shares/ohi/git-annex/bcprep/_raw_data/dfo_khunter/d2016/fisheries/dungeness_crab_2001_2015,dungeness_crab_2001_2015,CrabTrap_Dungeness2005_20110222_120611,2005,"ID, ET_ID, GRIDCELL, PNT_COUNT, Catch_kg, Effort_hr, SEASON, Shape_Leng, Shape_Area","0, 23960, 523, 1, 0, 0, 1, 16000, 1.6e+07",TRUE,Catch_kg,,FALSE
/home/shares/ohi/git-annex/bcprep/_raw_data/dfo_khunter/d2016/fisheries/dungeness_crab_2001_2015,dungeness_crab_2001_2015,CrabTrap_Dungeness2006_20110222_120814,2006,"ID, ET_ID, GRIDCELL, PNT_COUNT, Catch_kg, Effort_hr, SEASON, Shape_Leng, Shape_Area","0, 23966, 668, 1, 0, 0, 1, 16000, 1.6e+07",TRUE,Catch_kg,,FALSE
/home/shares/ohi/git-annex/bcprep/_raw_data/dfo_khunter/d2016/fisheries/dungeness_crab_2001_2015,dungeness_crab_2001_2015,CrabTrap_Dungeness2007_20110222_121038,2007,"ID, ET_ID, GRIDCELL, PNT_COUNT, Catch_kg, Effort_hr, SEASON, Shape_Leng, Shape_Area","0, 23965, 712, 1, 0, 0, 1, 16000, 1.6e+07",TRUE,Catch_kg,,FALSE
/home/shares/ohi/git-annex/bcprep/_raw_data/dfo_khunter/d2016/fisheries/dungeness_crab_2001_2015,dungeness_crab_2001_2015,CrabTrap_Dungeness2008_20110222_121322,2008,"ID, ET_ID, GRIDCELL, PNT_COUNT, Catch_kg, Effort_hr, SEASON, Shape_Leng, Shape_Area","0, 24308, 595, 1, 0, 0, 1, 16000, 1.6e+07",TRUE,Catch_kg,,FALSE
/home/shares/ohi/git-annex/bcprep/_raw_data/dfo_khunter/d2016/fisheries/dungeness_crab_2001_2015,dungeness_crab_2001_2015,CrabTrap_Dungeness2009_20110222_121547,2009,"ID, ET_ID, GRIDCELL, PNT_COUNT, Catch_kg, Effort_hr, SEASON, Shape_Leng, Shape_Area","0, 23964, 659, 1, 0, 0, 1, 16000, 1.6e+07",TRUE,Catch_kg,,FALSE
/home/shares/ohi/git-annex/bcprep/_raw_data/dfo_khunter/d2016/fisheries/dungeness_crab_2001_2015,dungeness_crab_2001_2015,CrabTrap_Dungeness2010_20130411_104901,2010,"ID, ET_ID, GRIDCELL, PNT_COUNT, Catch_kg, Effort_hr, SEASON, Shape_Leng, Shape_Area","0, 24308, 651, 1, 0, 0, 1, 16000, 1.6e+07",TRUE,Catch_kg,,FALSE
/home/shares/ohi/git-annex/bcprep/_raw_data/dfo_khunter/d2016/fisheries/dungeness_crab_2001_2015,dungeness_crab_2001_2015,CrabTrap_Dungeness2011_20130411_110100,2011,"ID, ET_ID, GRIDCELL, PNT_COUNT, Catch_kg, Effort_hr, SEASON, Shape_Leng, Shape_Area","0, 24308, 557, 2, 0, 0, 1, 16000, 1.6e+07",TRUE,Catch_kg,,FALSE
/home/shares/ohi/git-annex/bcprep/_raw_data/dfo_khunter/d2016/fisheries/geoduck_2003_2014,geoduck_2003_2014,Dive_Geoduck2003_20110222_132620,2003,"ID, ET_ID, GRIDCELL, PNT_COUNT, Catch_kg, Effort_hr, SEASON, Shape_Leng, Shape_Area","0, 26405, 228, 3, 776, 12, 1, 16000, 1.6e+07",TRUE,Catch_kg,,FALSE
/home/shares/ohi/git-annex/bcprep/_raw_data/dfo_khunter/d2016/fisheries/geoduck_2003_2014,geoduck_2003_2014,Dive_Geoduck2004_20110222_132708,2004,"ID, ET_ID, GRIDCELL, PNT_COUNT, Catch_kg, Effort_hr, SEASON, Shape_Leng, Shape_Area","0, 26405, 232, 2, 0, 0, 1, 16000, 1.6e+07",TRUE,Catch_kg,,FALSE
/home/shares/ohi/git-annex/bcprep/_raw_data/dfo_khunter/d2016/fisheries/geoduck_2003_2014,geoduck_2003_2014,Dive_Geoduck2005_20110222_132754,2005,"ID, ET_ID, GRIDCELL, PNT_COUNT, Catch_kg, Effort_hr, SEASON, Shape_Leng, Shape_Area","0, 26403, 218, 1, 0, 0, 1, 16000, 1.6e+07",TRUE,Catch_kg,,FALSE
/home/shares/ohi/git-annex/bcprep/_raw_data/dfo_khunter/d2016/fisheries/geoduck_2003_2014,geoduck_2003_2014,Dive_Geoduck2006_20110222_132836,2006,"ID, ET_ID, GRIDCELL, PNT_COUNT, Catch_kg, Effort_hr, SEASON, Shape_Leng, Shape_Area","0, 24311, 208, 1, 0, 0, 1, 16000, 1.6e+07",TRUE,Catch_kg,,FALSE
/home/shares/ohi/git-annex/bcprep/_raw_data/dfo_khunter/d2016/fisheries/geoduck_2003_2014,geoduck_2003_2014,Dive_Geoduck2007_20110222_132918,2007,"ID, ET_ID, GRIDCELL, PNT_COUNT, Catch_kg, Effort_hr, SEASON, Shape_Leng, Shape_Area","0, 29847, 157, 1, 0, 0, 1, 16000, 1.6e+07",TRUE,Catch_kg,,FALSE
/home/shares/ohi/git-annex/bcprep/_raw_data/dfo_khunter/d2016/fisheries/geoduck_2003_2014,geoduck_2003_2014,Dive_Geoduck2008_20110222_132952,2008,"ID, ET_ID, GRIDCELL, PNT_COUNT, Catch_kg, Effort_hr, SEASON, Shape_Leng, Shape_Area","0, 29847, 185, 1, 0, 0, 1, 16000, 1.6e+07",TRUE,Catch_kg,,FALSE
/home/shares/ohi/git-annex/bcprep/_raw_data/dfo_khunter/d2016/fisheries/geoduck_2003_2014,geoduck_2003_2014,Dive_Geoduck2009_20110222_133030,2009,"ID, ET_ID, GRIDCELL, PNT_COUNT, Catch_kg, Effort_hr, SEASON, Shape_Leng, Shape_Area","0, 26753, 247, 1, 0, 0, 1, 16000, 1.6e+07",TRUE,Catch_kg,,FALSE
/home/shares/ohi/git-annex/bcprep/_raw_data/dfo_khunter/d2016/fisheries/geoduck_2003_2014,geoduck_2003_2014,Dive_Geoduck2010_20130412_132545,2010,"ID, ET_ID, GRIDCELL, PNT_COUNT, Catch_kg, Effort_hr, SEASON, Shape_Leng, Shape_Area","0, 29505, 168, 1, 0, 0, 1, 16000, 1.6e+07",TRUE,Catch_kg,,FALSE
/home/shares/ohi/git-annex/bcprep/_raw_data/dfo_khunter/d2016/fisheries/geoduck_2003_2014,geoduck_2003_2014,Dive_Geoduck2011_20130412_132843,2011,"ID, ET_ID, GRIDCELL, PNT_COUNT, Catch_kg, Effort_hr, SEASON, Shape_Leng, Shape_Area","0, 29505, 182, 1, 0, 0, 1, 16000, 1.6e+07",TRUE,Catch_kg,,FALSE
/home/shares/ohi/git-annex/bcprep/_raw_data/dfo_khunter/d2016/fisheries/geoduck_2003_2014,geoduck_2003_2014,Geoduck2012_legal_limfields,2012,"OID_1, Count_, Sum_Dive_t, Sum_Tt_lnd, Shape_Leng, Shape_Area","57486, 6, 457, 1518, 16000, 1.6e+07",TRUE,Sum_Tt_lnd,,FALSE
/home/shares/ohi/git-annex/bcprep/_raw_data/dfo_khunter/d2016/fisheries/geoduck_2003_2014,geoduck_2003_2014,Geoduck2013_legal_limfields,2013,"OID_1, Count_, Sum_Dive_t, Sum_Tt_lnd, Shape_Leng, Shape_Area","61207, 13, 919, 5790, 16000, 1.6e+07",TRUE,Sum_Tt_lnd,,FALSE
/home/shares/ohi/git-annex/bcprep/_raw_data/dfo_khunter/d2016/fisheries/geoduck_2003_2014,geoduck_2003_2014,Geoduck2014_legal_limfields,2014,"OID_1, Count_, Sum_Dive_t, Sum_Tt_lnd, Shape_Leng, Shape_Area","61207, 9, 654, 3445, 16000, 1.6e+07",TRUE,Sum_Tt_lnd,,FALSE
/home/shares/ohi/git-annex/bcprep/_raw_data/dfo_khunter/d2016/fisheries/groundfish_hook_line_2007_2015,groundfish_hook_line_2007_2015,Hook_Line_2007_legal_limfields,2007,"OBJECTID_1, Count_, Sum_CATCH_, Sum_EFFORT, Shape_Leng, Shape_Le_1, Shape_Area","NA, NA, NA, NA, NA, NA, NA",TRUE,Sum_CATCH_,,FALSE
/home/shares/ohi/git-annex/bcprep/_raw_data/dfo_khunter/d2016/fisheries/groundfish_hook_line_2007_2015,groundfish_hook_line_2007_2015,Hook_Line_2008__legal_limfields,2008,"OBJECTID_1, Count_, Sum_CATCH_, Sum_EFFORT, Shape_Leng, Shape_Le_1, Shape_Area","NA, NA, NA, NA, NA, NA, NA",TRUE,Sum_CATCH_,,FALSE
/home/shares/ohi/git-annex/bcprep/_raw_data/dfo_khunter/d2016/fisheries/groundfish_hook_line_2007_2015,groundfish_hook_line_2007_2015,Hook_Line_2009_legal_limfields,2009,"OBJECTID_1, Count_, Sum_CATCH_, Sum_EFFORT, Shape_Leng, Shape_Le_1, Shape_Area","NA, NA, NA, NA, NA, NA, NA",TRUE,Sum_CATCH_,,FALSE
/home/shares/ohi/git-annex/bcprep/_raw_data/dfo_khunter/d2016/fisheries/groundfish_hook_line_2007_2015,groundfish_hook_line_2007_2015,Hook_Line_2010_legal_limfields,2010,"OBJECTID_1, Count_, Sum_CATCH_, Sum_EFFORT, Shape_Le_1, Shape_Leng, Shape_Area","NA, NA, NA, NA, NA, NA, NA",TRUE,Sum_CATCH_,,FALSE
/home/shares/ohi/git-annex/bcprep/_raw_data/dfo_khunter/d2016/fisheries/groundfish_hook_line_2007_2015,groundfish_hook_line_2007_2015,Hook_Line_2011_legal_limfields,2011,"OBJECTID_1, Count_, Sum_CATCH_, Sum_HOURS_, Shape_Leng, Shape_Le_1, Shape_Area","NA, NA, NA, NA, NA, NA, NA",TRUE,Sum_CATCH_,,FALSE
/home/shares/ohi/git-annex/bcprep/_raw_data/dfo_khunter/d2016/fisheries/groundfish_hook_line_2007_2015,groundfish_hook_line_2007_2015,Hook_Line_2012_legal_limfields,2012,"OBJECTID_1, Count_, Sum_CATCH_, Sum_EFFORT, Shape_Le_1, Shape_Leng, Shape_Area","NA, NA, NA, NA, NA, NA, NA",TRUE,Sum_CATCH_,,FALSE
/home/shares/ohi/git-annex/bcprep/_raw_data/dfo_khunter/d2016/fisheries/groundfish_hook_line_2007_2015,groundfish_hook_line_2007_2015,Hook_Line_2013_legal_limfields,2013,"OBJECTID_1, Count_, Sum_CATCH_, Sum_EFFORT, Shape_Le_1, Shape_Leng, Shape_Area","NA, NA, NA, NA, NA, NA, NA",TRUE,Sum_CATCH_,,FALSE
/home/shares/ohi/git-annex/bcprep/_raw_data/dfo_khunter/d2016/fisheries/groundfish_hook_line_2007_2015,groundfish_hook_line_2007_2015,Hook_Line_2014_legal_limfields,2014,"OBJECTID_1, Count_, Sum_CATCH_, Sum_EFFORT, Shape_Le_1, Shape_Leng, Shape_Area","NA, NA, NA, NA, NA, NA, NA",TRUE,Sum_CATCH_,,FALSE
/home/shares/ohi/git-annex/bcprep/_raw_data/dfo_khunter/d2016/fisheries/groundfish_hook_line_2007_2015,groundfish_hook_line_2007_2015,Hook_Line_2015_legal_limfields,2015,"OBJECTID_1, Count_, Sum_CATCH_, Sum_EFFORT, Shape_Le_1, Shape_Leng, Shape_Area","NA, NA, NA, NA, NA, NA, NA",TRUE,Sum_CATCH_,,FALSE
/home/shares/ohi/git-annex/bcprep/_raw_data/dfo_khunter/d2016/fisheries/groundfish_longline_2007_2015,groundfish_longline_2007_2015,LL_2007_Project_eventjoin_legal_limfields,2007,"Count_, Sum_CATCH_, Sum_TOTAL_, Shape_Leng, Shape_Area","4, 5758.12, 485, 16000, 1.6e+07",TRUE,Sum_CATCH_,,FALSE
/home/shares/ohi/git-annex/bcprep/_raw_data/dfo_khunter/d2016/fisheries/groundfish_longline_2007_2015,groundfish_longline_2007_2015,LL_2008_Project_eventjoin_legal_limfields,2008,"Count_, Sum_CATCH_, Sum_TOTAL_, Shape_Leng, Shape_Area","6, 8950.15, 961, 16000, 1.6e+07",TRUE,Sum_CATCH_,,FALSE
/home/shares/ohi/git-annex/bcprep/_raw_data/dfo_khunter/d2016/fisheries/groundfish_longline_2007_2015,groundfish_longline_2007_2015,LL_2009_Project_eventjoin_legal_limfields,2009,"Count_, Sum_CATCH_, Sum_TOTAL_, Shape_Leng, Shape_Area","3, 1105.65, 485, 16000, 1.6e+07",TRUE,Sum_CATCH_,,FALSE
/home/shares/ohi/git-annex/bcprep/_raw_data/dfo_khunter/d2016/fisheries/groundfish_longline_2007_2015,groundfish_longline_2007_2015,LL_2010_Project_eventjoin_legal_limfields,2010,"Count_, Sum_CATCH_, Sum_TOTAL_, Shape_Leng, Shape_Area","3, 2567.3, 555, 16000, 1.6e+07",TRUE,Sum_CATCH_,,FALSE
/home/shares/ohi/git-annex/bcprep/_raw_data/dfo_khunter/d2016/fisheries/groundfish_longline_2007_2015,groundfish_longline_2007_2015,LL_2011_Project_eventjoin_legal_limfields,2011,"Count_, Sum_CATCH_, Sum_TOTAL_, Shape_Leng, Shape_Area","4, 976.89, 217, 16000, 1.6e+07",TRUE,Sum_CATCH_,,FALSE
/home/shares/ohi/git-annex/bcprep/_raw_data/dfo_khunter/d2016/fisheries/groundfish_longline_2007_2015,groundfish_longline_2007_2015,LL_2013_Project_eventjoin_legal_limfields,2012,"Count_, Sum_CATCH_, Sum_TOTAL_, Shape_Leng, Shape_Area","4, 1146.82, 311, 16000, 1.6e+07",TRUE,Sum_CATCH_,,FALSE
/home/shares/ohi/git-annex/bcprep/_raw_data/dfo_khunter/d2016/fisheries/groundfish_longline_2007_2015,groundfish_longline_2007_2015,LL_2014_Project_eventjoin_legal_limfields,2013,"Count_, Sum_CATCH_, Sum_TOTAL_, Shape_Leng, Shape_Area","4, 1210.37, 57, 16000, 1.6e+07",TRUE,Sum_CATCH_,,FALSE
/home/shares/ohi/git-annex/bcprep/_raw_data/dfo_khunter/d2016/fisheries/groundfish_longline_2007_2015,groundfish_longline_2007_2015,LL_2015_Project_eventjoin_legal_limfields,2014,"Count_, Sum_CATCH_, Sum_TOTAL_, Shape_Leng, Shape_Area","22, 15138.63, 6608, 16000, 1.6e+07",TRUE,Sum_CATCH_,,FALSE
/home/shares/ohi/git-annex/bcprep/_raw_data/dfo_khunter/d2016/fisheries/groundfish_longline_old_2006_2012,groundfish_longline_old_2006_2012,Longline_2006_BCA,2006,"BlockId, Sector, NumVessels, EffortHrs, SableWt, HalibWt, POPWt, HakeWt, OtherWt, Shape_Leng, Shape_Area","23499, 1, 4, 76.75, 950.54, 5182.68, 0, 0, 8840.09, 16000, 1.6e+07",TRUE,NA,SableWt HalibWt POPWt HakeWt OtherWt,FALSE
/home/shares/ohi/git-annex/bcprep/_raw_data/dfo_khunter/d2016/fisheries/groundfish_longline_old_2006_2012,groundfish_longline_old_2006_2012,Longline_2007_BCA,2007,"BlockId, Sector, NumVessels, EffortHrs, SableWt, HalibWt, POPWt, HakeWt, OtherWt, Shape_Leng, Shape_Area","22173, 1, 5, 31.4, 65.68, 425.62, 0, 0, 8756.32, 15999.9999, 15999999.8",TRUE,NA,SableWt HalibWt POPWt HakeWt OtherWt,FALSE
/home/shares/ohi/git-annex/bcprep/_raw_data/dfo_khunter/d2016/fisheries/groundfish_longline_old_2006_2012,groundfish_longline_old_2006_2012,Longline_2008_BCA,2008,"BlockId, Sector, NumVessels, EffortHrs, SableWt, HalibWt, POPWt, HakeWt, OtherWt, Shape_Leng, Shape_Area","22175, 1, 3, 72.5166666, 217.98, 135.79, 0, 0, 32735.1, 16000, 1.6e+07",TRUE,NA,SableWt HalibWt POPWt HakeWt OtherWt,FALSE
/home/shares/ohi/git-annex/bcprep/_raw_data/dfo_khunter/d2016/fisheries/groundfish_longline_old_2006_2012,groundfish_longline_old_2006_2012,Longline_2009_BCA,2009,"BlockId, Sector, NumVessels, EffortHrs, SableWt, HalibWt, POPWt, HakeWt, OtherWt, Shape_Leng, Shape_Area","22174, 1, 4, 89.7166666, 28.34, 284.62, 0, 0, 40312.73, 16000, 1.6e+07",TRUE,NA,SableWt HalibWt POPWt HakeWt OtherWt,FALSE
/home/shares/ohi/git-annex/bcprep/_raw_data/dfo_khunter/d2016/fisheries/groundfish_longline_old_2006_2012,groundfish_longline_old_2006_2012,Longline_2010_BCA,2010,"BlockId, Sector, NumVessels, EffortHrs, SableWt, HalibWt, POPWt, HakeWt, OtherWt, Shape_Leng, Shape_Area","22175, 1, 3, 168.8, 49.34, 905.94, 0, 0, 23496.93, 16000, 1.6e+07",TRUE,NA,SableWt HalibWt POPWt HakeWt OtherWt,FALSE
/home/shares/ohi/git-annex/bcprep/_raw_data/dfo_khunter/d2016/fisheries/groundfish_longline_old_2006_2012,groundfish_longline_old_2006_2012,Longline_2011_BCA,2011,"BlockId, Sector, NumVessels, EffortHrs, SableWt, HalibWt, POPWt, HakeWt, OtherWt, Shape_Leng, Shape_Area","22836, 1, 3, 47.5333333, 36.05, 479.38, 0, 0, 5556.2, 16000, 1.6e+07",TRUE,NA,SableWt HalibWt POPWt HakeWt OtherWt,FALSE
/home/shares/ohi/git-annex/bcprep/_raw_data/dfo_khunter/d2016/fisheries/groundfish_longline_old_2006_2012,groundfish_longline_old_2006_2012,Longline_2012_BCA,2012,"BlockId, Sector, NumVessels, EffortHrs, SableWt, HalibWt, POPWt, HakeWt, OtherWt, Shape_Leng, Shape_Area","25160, 1, 5, 112.316666, 0, 2976.09, 0, 0, 8368.78, 15999.9999, 15999999.8",TRUE,NA,SableWt HalibWt POPWt HakeWt OtherWt,FALSE
/home/shares/ohi/git-annex/bcprep/_raw_data/dfo_khunter/d2016/fisheries/groundfish_trawl_2007_2015,groundfish_trawl_2007_2015,GFTrawl_2007_legal_limfields,2007,"Count_, Sum_CATCH_, Sum_EFFORT, Shape_Leng, Shape_Le_1, Shape_Area","4, 301.96, 360.24999, 16000, 16000, 1.6e+07",TRUE,Sum_CATCH_,,FALSE
/home/shares/ohi/git-annex/bcprep/_raw_data/dfo_khunter/d2016/fisheries/groundfish_trawl_2007_2015,groundfish_trawl_2007_2015,GFTrawl_2008_legal_limfields,2008,"Count_, Sum_CATCH_, Sum_EFFORT, Shape_Leng, Shape_Le_1, Shape_Area","4, 56271.12, 58.833325, 16000, 16000, 1.6e+07",TRUE,Sum_CATCH_,,FALSE
/home/shares/ohi/git-annex/bcprep/_raw_data/dfo_khunter/d2016/fisheries/groundfish_trawl_2007_2015,groundfish_trawl_2007_2015,GFTrawl_2009_legal_limfields,2009,"Count_, Sum_CATCH_, Sum_EFFORT, Shape_Leng, Shape_Le_1, Shape_Area","18, 77808.29, 654.349908, 16000, 16000, 1.6e+07",TRUE,Sum_CATCH_,,FALSE
/home/shares/ohi/git-annex/bcprep/_raw_data/dfo_khunter/d2016/fisheries/groundfish_trawl_2007_2015,groundfish_trawl_2007_2015,GFTrawl_2010_legal_limfields,2010,"Count_, Sum_CATCH_, Sum_EFFORT, Shape_Leng, Shape_Le_1, Shape_Area","16, 90190.29, 663.333286, 16000, 16000, 1.6e+07",TRUE,Sum_CATCH_,,FALSE
/home/shares/ohi/git-annex/bcprep/_raw_data/dfo_khunter/d2016/fisheries/groundfish_trawl_2007_2015,groundfish_trawl_2007_2015,GFTrawl_2011_legal_limfields,2011,"Count_, Sum_CATCH_, Sum_EFFORT, Shape_Leng, Shape_Le_1, Shape_Area","3, 55651.25, 14.83333, 16000, 16000, 1.6e+07",TRUE,Sum_CATCH_,,FALSE
/home/shares/ohi/git-annex/bcprep/_raw_data/dfo_khunter/d2016/fisheries/groundfish_trawl_2007_2015,groundfish_trawl_2007_2015,GFTrawl_2012_legal_limfields,2012,"Count_, Sum_CATCH_, Sum_EFFORT, Shape_Leng, Shape_Le_1, Shape_Area","6, 30312.86, 157.833309, 16000, 16000, 1.6e+07",TRUE,Sum_CATCH_,,FALSE
/home/shares/ohi/git-annex/bcprep/_raw_data/dfo_khunter/d2016/fisheries/groundfish_trawl_2007_2015,groundfish_trawl_2007_2015,GFTrawl_2013_legal_limfields,2013,"Count_, Sum_CATCH_, Sum_EFFORT, Shape_Leng, Shape_Le_1, Shape_Area","3, 240.16, 9.466661, 16000, 16000, 1.6e+07",TRUE,Sum_CATCH_,,FALSE
/home/shares/ohi/git-annex/bcprep/_raw_data/dfo_khunter/d2016/fisheries/groundfish_trawl_2007_2015,groundfish_trawl_2007_2015,GFTrawl_2014_legal_limfields,2014,"Count_, Sum_CATCH_, Sum_EFFORT, Shape_Leng, Shape_Le_1, Shape_Area","8, 81906.23, 115.249979, 16000, 16000, 1.6e+07",TRUE,Sum_CATCH_,,FALSE
/home/shares/ohi/git-annex/bcprep/_raw_data/dfo_khunter/d2016/fisheries/groundfish_trawl_2007_2015,groundfish_trawl_2007_2015,GFTrawl_2015_legal_limfields,2015,"Count_, Sum_CATCH_, Sum_EFFORT, Shape_Leng, Shape_Le_1, Shape_Area","4, 65403.56, 72.716662, 16000, 16000, 1.6e+07",TRUE,Sum_CATCH_,,FALSE
/home/shares/ohi/git-annex/bcprep/_raw_data/dfo_khunter/d2016/fisheries/groundfish_trawl_old_1996_2012,groundfish_trawl_old_1996_2012,Trawl_1996_BCA,1996,"BlockId, Sector, NumVessels, EffortHrs, SableWt, SableCPUE, HalibWt, HalibCPUE, POPWt, POPCPUE, HakeWt, HakeCPUE, OtherWt, OtherCPUE, Shape_Leng, Shape_Area","51676, 1, 4, 8.35, 4.54, 0.32428571, 11.34, 1.8, 328.66, 42.7902745, 272.16, 35.5764705, 11561.08, 1612.58755, 16000, 1.6e+07",TRUE,NA,SableWt HalibWt POPWt HakeWt OtherWt,FALSE
/home/shares/ohi/git-annex/bcprep/_raw_data/dfo_khunter/d2016/fisheries/groundfish_trawl_old_1996_2012,groundfish_trawl_old_1996_2012,Trawl_1997_BCA,1997,"BlockId, Sector, NumVessels, EffortHrs, SableWt, SableCPUE, HalibWt, HalibCPUE, POPWt, POPCPUE, HakeWt, HakeCPUE, OtherWt, OtherCPUE, Shape_Leng, Shape_Area","26498, 1, 4, 8.75, 0, 0, 0, 0, 0, 0, 156654.3, 20127.1384, 0, 0, 16000, 1.6e+07",TRUE,NA,SableWt HalibWt POPWt HakeWt OtherWt,FALSE
/home/shares/ohi/git-annex/bcprep/_raw_data/dfo_khunter/d2016/fisheries/groundfish_trawl_old_1996_2012,groundfish_trawl_old_1996_2012,Trawl_1998_BCA,1998,"BlockId, Sector, NumVessels, EffortHrs, SableWt, SableCPUE, HalibWt, HalibCPUE, POPWt, POPCPUE, HakeWt, HakeCPUE, OtherWt, OtherCPUE, Shape_Leng, Shape_Area","21171, 1, 3, 34.0666666, 619.46, 19.9871223, 0, 0, 0, 0, 0, 0, 3761.46, 119.069609, 16000, 1.6e+07",TRUE,NA,SableWt HalibWt POPWt HakeWt OtherWt,FALSE
/home/shares/ohi/git-annex/bcprep/_raw_data/dfo_khunter/d2016/fisheries/groundfish_trawl_old_1996_2012,groundfish_trawl_old_1996_2012,Trawl_1999_BCA,1999,"BlockId, Sector, NumVessels, EffortHrs, SableWt, SableCPUE, HalibWt, HalibCPUE, POPWt, POPCPUE, HakeWt, HakeCPUE, OtherWt, OtherCPUE, Shape_Leng, Shape_Area","26498, 1, 12, 45.2, 0, 0, 0, 0, 0, 0, 771811.419, 24949.1087, 0, 0, 16000, 1.6e+07",TRUE,NA,SableWt HalibWt POPWt HakeWt OtherWt,FALSE
/home/shares/ohi/git-annex/bcprep/_raw_data/dfo_khunter/d2016/fisheries/groundfish_trawl_old_1996_2012,groundfish_trawl_old_1996_2012,Trawl_2000_BCA,2000,"BlockId, Sector, NumVessels, EffortHrs, SableWt, SableCPUE, HalibWt, HalibCPUE, POPWt, POPCPUE, HakeWt, HakeCPUE, OtherWt, OtherCPUE, Shape_Leng, Shape_Area","51676, 1, 5, 13.4, 35.46, 3.55210087, 54.89, 4.33342105, 3.83, 0.63833333, 48924.6, 2334.65341, 6454.4, 767.547813, 16000, 1.6e+07",TRUE,NA,SableWt HalibWt POPWt HakeWt OtherWt,FALSE
/home/shares/ohi/git-annex/bcprep/_raw_data/dfo_khunter/d2016/fisheries/groundfish_trawl_old_1996_2012,groundfish_trawl_old_1996_2012,Trawl_2001_BCA,2001,"BlockId, Sector, NumVessels, EffortHrs, SableWt, SableCPUE, HalibWt, HalibCPUE, POPWt, POPCPUE, HakeWt, HakeCPUE, OtherWt, OtherCPUE, Shape_Leng, Shape_Area","27142, 1, 5, 32.1, 1411.09, 58.0432576, 403.15, 11.6217725, 4648.47, 120.193644, 921.67, 33.1103391, 22521.56, 723.625824, 16000, 1.6e+07",TRUE,NA,SableWt HalibWt POPWt HakeWt OtherWt,FALSE
/home/shares/ohi/git-annex/bcprep/_raw_data/dfo_khunter/d2016/fisheries/groundfish_trawl_old_1996_2012,groundfish_trawl_old_1996_2012,Trawl_2002_BCA,2002,"BlockId, Sector, NumVessels, EffortHrs, SableWt, SableCPUE, HalibWt, HalibCPUE, POPWt, POPCPUE, HakeWt, HakeCPUE, OtherWt, OtherCPUE, Shape_Leng, Shape_Area","55300, 1, 3, 149.283333, 281.34, 1.87595165, 179.61, 1.4076681, 122753.23, 818.421165, 0, 0, 41163.71, 354.067339, 16000, 1.6e+07",TRUE,NA,SableWt HalibWt POPWt HakeWt OtherWt,FALSE
/home/shares/ohi/git-annex/bcprep/_raw_data/dfo_khunter/d2016/fisheries/groundfish_trawl_old_1996_2012,groundfish_trawl_old_1996_2012,Trawl_2003_BCA,2003,"BlockId, Sector, NumVessels, EffortHrs, SableWt, SableCPUE, HalibWt, HalibCPUE, POPWt, POPCPUE, HakeWt, HakeCPUE, OtherWt, OtherCPUE, Shape_Leng, Shape_Area","55300, 1, 4, 86.9333333, 348.82, 4.85331333, 127.46, 1.43909633, 57976.28, 689.27984, 680.84, 13.2301911, 27833.91, 336.973015, 16000, 1.6e+07",TRUE,NA,SableWt HalibWt POPWt HakeWt OtherWt,FALSE
/home/shares/ohi/git-annex/bcprep/_raw_data/dfo_khunter/d2016/fisheries/groundfish_trawl_old_1996_2012,groundfish_trawl_old_1996_2012,Trawl_2004_BCA,2004,"BlockId, Sector, NumVessels, EffortHrs, SableWt, SableCPUE, HalibWt, HalibCPUE, POPWt, POPCPUE, HakeWt, HakeCPUE, OtherWt, OtherCPUE, Shape_Leng, Shape_Area","55300, 1, 4, 66.9, 33.74, 0.94943542, 19.51, 0.28242813, 43046.54, 731.626359, 601.92, 9.78485388, 12008.41, 307.164563, 16000, 1.6e+07",TRUE,NA,SableWt HalibWt POPWt HakeWt OtherWt,FALSE
/home/shares/ohi/git-annex/bcprep/_raw_data/dfo_khunter/d2016/fisheries/groundfish_trawl_old_1996_2012,groundfish_trawl_old_1996_2012,Trawl_2005_BCA,2005,"BlockId, Sector, NumVessels, EffortHrs, SableWt, SableCPUE, HalibWt, HalibCPUE, POPWt, POPCPUE, HakeWt, HakeCPUE, OtherWt, OtherCPUE, Shape_Leng, Shape_Area","55300, 1, 4, 38.1666666, 276.14, 7.16086805, 76.2, 1.81682939, 16616.13, 599.631878, 3158.36, 109.85801, 31738.48, 937.459265, 16000, 1.6e+07",TRUE,NA,SableWt HalibWt POPWt HakeWt OtherWt,FALSE
/home/shares/ohi/git-annex/bcprep/_raw_data/dfo_khunter/d2016/fisheries/groundfish_trawl_old_1996_2012,groundfish_trawl_old_1996_2012,Trawl_2006_BCA,2006,"BlockId, Sector, NumVessels, EffortHrs, SableWt, SableCPUE, HalibWt, HalibCPUE, POPWt, POPCPUE, HakeWt, HakeCPUE, OtherWt, OtherCPUE, Shape_Leng, Shape_Area","55300, 1, 7, 203.383333, 754.51, 3.6806877, 535.24, 2.41771066, 68109.06, 353.821284, 2956.07, 11.5603056, 94769.59, 445.739587, 16000, 1.6e+07",TRUE,NA,SableWt HalibWt POPWt HakeWt OtherWt,FALSE
/home/shares/ohi/git-annex/bcprep/_raw_data/dfo_khunter/d2016/fisheries/groundfish_trawl_old_1996_2012,groundfish_trawl_old_1996_2012,Trawl_2007_BCA,2007,"BlockId, Sector, NumVessels, EffortHrs, SableWt, SableCPUE, HalibWt, HalibCPUE, POPWt, POPCPUE, HakeWt, HakeCPUE, OtherWt, OtherCPUE, Shape_Leng, Shape_Area","55300, 1, 5, 239.433333, 440.37, 0.00053626, 1114.92, 0.00111514, 75445.98, 0.08656329, 4062.85, 0.00400674, 91361.4, 0.11908339, 16000, 1.6e+07",TRUE,NA,SableWt HalibWt POPWt HakeWt OtherWt,FALSE
/home/shares/ohi/git-annex/bcprep/_raw_data/dfo_khunter/d2016/fisheries/groundfish_trawl_old_1996_2012,groundfish_trawl_old_1996_2012,Trawl_2008_BCA,2008,"BlockId, Sector, NumVessels, EffortHrs, SableWt, SableCPUE, HalibWt, HalibCPUE, POPWt, POPCPUE, HakeWt, HakeCPUE, OtherWt, OtherCPUE, Shape_Leng, Shape_Area","51676, 1, 3, 7.01666666, 49.82, 0.00331154, 9.98, 0.00072318, 22.68, 0.00063, 7092.92, 0.15645191, 5748.85, 0.32610722, 16000, 1.6e+07",TRUE,NA,SableWt HalibWt POPWt HakeWt OtherWt,FALSE
/home/shares/ohi/git-annex/bcprep/_raw_data/dfo_khunter/d2016/fisheries/groundfish_trawl_old_1996_2012,groundfish_trawl_old_1996_2012,Trawl_2009_BCA,2009,"BlockId, Sector, NumVessels, EffortHrs, SableWt, SableCPUE, HalibWt, HalibCPUE, POPWt, POPCPUE, HakeWt, HakeCPUE, OtherWt, OtherCPUE, Shape_Leng, Shape_Area","55300, 1, 4, 68.3333333, 200.79, 0.0007539, 182.8, 0.00098725, 46357.73, 0.20467157, 16.33, 6.316e-05, 16714.49, 0.09487968, 16000, 1.6e+07",TRUE,NA,SableWt HalibWt POPWt HakeWt OtherWt,FALSE
/home/shares/ohi/git-annex/bcprep/_raw_data/dfo_khunter/d2016/fisheries/groundfish_trawl_old_1996_2012,groundfish_trawl_old_1996_2012,Trawl_2010_BCA,2010,"BlockId, Sector, NumVessels, EffortHrs, SableWt, SableCPUE, HalibWt, HalibCPUE, POPWt, POPCPUE, HakeWt, HakeCPUE, OtherWt, OtherCPUE, Shape_Leng, Shape_Area","55300, 1, 5, 153.083333, 854.52, 0.00152774, 471.28, 0.00066151, 62129.76, 0.12005623, 219.54, 0.00039508, 57676.51, 0.10773731, 16000, 1.6e+07",TRUE,NA,SableWt HalibWt POPWt HakeWt OtherWt,FALSE
/home/shares/ohi/git-annex/bcprep/_raw_data/dfo_khunter/d2016/fisheries/groundfish_trawl_old_1996_2012,groundfish_trawl_old_1996_2012,Trawl_2011_BCA,2011,"BlockId, Sector, NumVessels, EffortHrs, SableWt, SableCPUE, HalibWt, HalibCPUE, POPWt, POPCPUE, HakeWt, HakeCPUE, OtherWt, OtherCPUE, Shape_Leng, Shape_Area","55300, 1, 5, 99.2666666, 576.29, 0.00163518, 121.56, 0.00029643, 47692.37, 0.1235307, 34.47, 0.00013092, 29393.89, 0.07941165, 16000, 1.6e+07",TRUE,NA,SableWt HalibWt POPWt HakeWt OtherWt,FALSE
/home/shares/ohi/git-annex/bcprep/_raw_data/dfo_khunter/d2016/fisheries/groundfish_trawl_old_1996_2012,groundfish_trawl_old_1996_2012,Trawl_2012_BCA,2012,"BlockId, Sector, NumVessels, EffortHrs, SableWt, SableCPUE, HalibWt, HalibCPUE, POPWt, POPCPUE, HakeWt, HakeCPUE, OtherWt, OtherCPUE, Shape_Leng, Shape_Area","55300, 1, 4, 31, 74.14, 0.00090318, 67.59, 0.00070749, 9134.43, 0.08626369, 140.61, 0.00166343, 4778.45, 0.03754088, 16000, 1.6e+07",TRUE,NA,SableWt HalibWt POPWt HakeWt OtherWt,FALSE
/home/shares/ohi/git-annex/bcprep/_raw_data/dfo_khunter/d2016/fisheries/Herring Section Shapefile_not final,Herring Section Shapefile_not final,StatArea_Herring_july13_2,NA,"OBJECTID_1, OBJECTID, Section, Count_, Sum_OBJECT, Sum_MGNT_A, Sum_SUBARE, Sum_HECTAR, Sum_SQUARE, Sum_Shape_, Sum_Shape1, SHAPE_Leng, SHAPE_Area","1, 1, 8, 6, 2144, 106, 28, 111165.977311, 1111.65977311, 572484.220552, 1111659773.49, 90067.9513203, 466817952.479",FALSE,NA,,
/home/shares/ohi/git-annex/bcprep/_raw_data/dfo_khunter/d2016/fisheries/salmon_data,salmon_data,NA,NA,NA,NA,FALSE,NA,,
/home/shares/ohi/git-annex/bcprep/_raw_data/dfo_khunter/d2016/fisheries/salmon_seine_shape_2005_2015,salmon_seine_shape_2005_2015,SALMON_SN_2005,2005,"STATAREA, HECTARES, SQ_KM, FISHERY, ESTIMATE_T, LICENCE_AR, CALENDAR_Y, MGMT_AREA, VESSEL_COU, BOAT_DAYS, SOCKEYE_KE, SOCKEYE_RE, COHO_KEPT, COHO_RELD, PINK_KEPT, PINK_RELD, CHUM_KEPT, CHUM_RELD, CHINOOK_KE, CHINOOK_RE, STEELHEAD_, STEELHEAD1, NOTES, Shape_Leng, Shape_Area","2, 298232.517145, 2982.32517145, 1, 1, 1, 2005, 2, 8, 16, 0, 0, 0, 0, 0, 0, 65700, 0, 0, 0, 0, 0, NA, 3773930.78741, 2982325171.45",FALSE,NA,,
/home/shares/ohi/git-annex/bcprep/_raw_data/dfo_khunter/d2016/fisheries/salmon_seine_shape_2005_2015,salmon_seine_shape_2005_2015,SALMON_SN_2006,2006,"STATAREA, HECTARES, SQ_KM, FISHERY, ESTIMATE_T, LICENCE_AR, CALENDAR_Y, MGMT_AREA, VESSEL_COU, BOAT_DAYS, SOCKEYE_KE, SOCKEYE_RE, COHO_KEPT, COHO_RELD, PINK_KEPT, PINK_RELD, CHUM_KEPT, CHUM_RELD, CHINOOK_KE, CHINOOK_RE, STEELHEAD_, STEELHEAD1, NOTES, Shape_Leng, Shape_Area","2, 298232.517145, 2982.32517145, 1, 1, 1, 2006, 2, 5, 10, 0, 0, 0, 0, 35000, 0, 19600, 0, 0, 0, 0, 0, NA, 3773930.78741, 2982325171.45",FALSE,NA,,
/home/shares/ohi/git-annex/bcprep/_raw_data/dfo_khunter/d2016/fisheries/salmon_seine_shape_2005_2015,salmon_seine_shape_2005_2015,SALMON_SN_2007,2007,"STATAREA, HECTARES, SQ_KM, FISHERY, ESTIMATE_T, LICENCE_AR, CALENDAR_Y, MGMT_AREA, VESSEL_COU, BOAT_DAYS, SOCKEYE_KE, SOCKEYE_RE, COHO_KEPT, COHO_RELD, PINK_KEPT, PINK_RELD, CHUM_KEPT, CHUM_RELD, CHINOOK_KE, CHINOOK_RE, STEELHEAD_, STEELHEAD1, NOTES, Shape_Leng, Shape_Area","3, 167060.318315, 1670.60318315, 1, 1, 1, 2007, 3, 77, 717, 117183, 2822, 34868, 0, 2919472, 0, 11974, 86793, 0, 4862, 0, 662, NA, 1598986.44268, 1670603183.15",FALSE,NA,,
/home/shares/ohi/git-annex/bcprep/_raw_data/dfo_khunter/d2016/fisheries/salmon_seine_shape_2005_2015,salmon_seine_shape_2005_2015,SALMON_SN_2008,2008,"STATAREA, HECTARES, SQ_KM, FISHERY, ESTIMATE_T, LICENCE_AR, CALENDAR_Y, MGMT_AREA, VESSEL_COU, BOAT_DAYS, SOCKEYE_KE, SOCKEYE_RE, COHO_KEPT, COHO_RELD, PINK_KEPT, PINK_RELD, CHUM_KEPT, CHUM_RELD, CHINOOK_KE, CHINOOK_RE, STEELHEAD_, STEELHEAD1, NOTES, Shape_Leng, Shape_Area","2, 298232.517145, 2982.32517145, 1, 1, 1, 2008, 2, 3, 8, 0, 0, 8, 0, 0, 0, 2000, 0, 0, 0, 0, 0, NA, 3773930.78741, 2982325171.45",FALSE,NA,,
/home/shares/ohi/git-annex/bcprep/_raw_data/dfo_khunter/d2016/fisheries/salmon_seine_shape_2005_2015,salmon_seine_shape_2005_2015,SALMON_SN_2009,2009,"STATAREA, HECTARES, SQ_KM, FISHERY, ESTIMATE_T, LICENCE_AR, CALENDAR_Y, MGMT_AREA, VESSEL_COU, BOAT_DAYS, SOCKEYE_KE, SOCKEYE_RE, COHO_KEPT, COHO_RELD, PINK_KEPT, PINK_RELD, CHUM_KEPT, CHUM_RELD, CHINOOK_KE, CHINOOK_RE, STEELHEAD_, STEELHEAD1, NOTES, Shape_Leng, Shape_Area","3, 167060.318315, 1670.60318315, 1, 1, 1, 2009, 3, 45, 177, 13532, 2096, 1951, 5271, 880233, 0, 0, 19353, 0, 1348, 0, 87, NA, 1598986.44268, 1670603183.15",FALSE,NA,,
/home/shares/ohi/git-annex/bcprep/_raw_data/dfo_khunter/d2016/fisheries/salmon_seine_shape_2005_2015,salmon_seine_shape_2005_2015,SALMON_SN_2010,2010,"STATAREA, HECTARES, SQ_KM, FISHERY, ESTIMATE_T, LICENCE_AR, CALENDAR_Y, MGMT_AREA, VESSEL_COU, BOAT_DAYS, SOCKEYE_KE, SOCKEYE_RE, COHO_KEPT, COHO_RELD, PINK_KEPT, PINK_RELD, CHUM_KEPT, CHUM_RELD, CHINOOK_KE, CHINOOK_RE, STEELHEAD_, STEELHEAD1, NOTES, Shape_Leng, Shape_Area","1, 109760.685954, 1097.60685954, 1, 1, 1, 2010, 1, 5, 10, 0, 0, 0, 0, 188000, 0, 0, 0, 0, 0, 0, 0, NA, 891758.351572, 1097606859.54",FALSE,NA,,
/home/shares/ohi/git-annex/bcprep/_raw_data/dfo_khunter/d2016/fisheries/salmon_seine_shape_2005_2015,salmon_seine_shape_2005_2015,SALMON_SN_2011,2011,"STATAREA, HECTARES, SQ_KM, FISHERY, ESTIMATE_T, LICENCE_AR, CALENDAR_Y, MGMT_AREA, VESSEL_COU, BOAT_DAYS, SOCKEYE_KE, SOCKEYE_RE, COHO_KEPT, COHO_RELD, PINK_KEPT, PINK_RELD, CHUM_KEPT, CHUM_RELD, CHINOOK_KE, CHINOOK_RE, STEELHEAD_, STEELHEAD1, NOTES, Shape_Leng, Shape_Area","3, 167060.318315, 1670.60318315, 1, 1, 1, 2011, 3, 56, 164, 60422, 2818, 2976, 3017, 289907, 0, 0, 45971, 0, 908, 0, 314, NA, 1598986.44268, 1670603183.15",FALSE,NA,,
/home/shares/ohi/git-annex/bcprep/_raw_data/dfo_khunter/d2016/fisheries/salmon_seine_shape_2005_2015,salmon_seine_shape_2005_2015,SALMON_SN_2012,2012,"STATAREA, HECTARES, SQ_KM, FISHERY, ESTIMATE_T, LICENCE_AR, CALENDAR_Y, MGMT_AREA, VESSEL_COU, BOAT_DAYS, SOCKEYE_KE, SOCKEYE_RE, COHO_KEPT, COHO_RELD, PINK_KEPT, PINK_RELD, CHUM_KEPT, CHUM_RELD, CHINOOK_KE, CHINOOK_RE, STEELHEAD_, STEELHEAD1, NOTES, Shape_Leng, Shape_Area","2, 298232.517145, 2982.32517145, 1, 1, 1, 2012, 2, 12, 20, 0, 0, 0, 0, 237000, 0, 0, 0, 0, 0, 0, 0, NA, 3773930.78741, 2982325171.45",FALSE,NA,,
/home/shares/ohi/git-annex/bcprep/_raw_data/dfo_khunter/d2016/fisheries/salmon_seine_shape_2005_2015,salmon_seine_shape_2005_2015,SALMON_SN_2013,2013,"STATAREA, HECTARES, SQ_KM, FISHERY, ESTIMATE_T, LICENCE_AR, CALENDAR_Y, MGMT_AREA, VESSEL_COU, BOAT_DAYS, SOCKEYE_KE, SOCKEYE_RE, COHO_KEPT, COHO_RELD, PINK_KEPT, PINK_RELD, CHUM_KEPT, CHUM_RELD, CHINOOK_KE, CHINOOK_RE, STEELHEAD_, STEELHEAD1, NOTES, Shape_Leng, Shape_Area","3, 167060.318315, 1670.60318315, 1, 1, 1, 2013, 3, 47, 273, 6927, 20679, 16566, 201, 2233089, 0, 41991, 17952, 0, 1103, 0, 162, NA, 1598986.44268, 1670603183.15",FALSE,NA,,
/home/shares/ohi/git-annex/bcprep/_raw_data/dfo_khunter/d2016/fisheries/salmon_seine_shape_2005_2015,salmon_seine_shape_2005_2015,SALMON_SN_2014,2014,"STATAREA, HECTARES, SQ_KM, FISHERY, ESTIMATE_T, LICENCE_AR, CALENDAR_Y, MGMT_AREA, VESSEL_COU, BOAT_DAYS, SOCKEYE_KE, SOCKEYE_RE, COHO_KEPT, COHO_RELD, PINK_KEPT, PINK_RELD, CHUM_KEPT, CHUM_RELD, CHINOOK_KE, CHINOOK_RE, STEELHEAD_, STEELHEAD1, NOTES, Shape_Leng, Shape_Area","1, 109760.685954, 1097.60685954, 1, 1, 1, 2014, 1, 6, 15, 0, 8, 0, 5, 606300, 15000, 0, 2, 0, 4, 0, 0, NA, 891758.351572, 1097606859.54",FALSE,NA,,
/home/shares/ohi/git-annex/bcprep/_raw_data/dfo_khunter/d2016/fisheries/salmon_seine_shape_2005_2015,salmon_seine_shape_2005_2015,SALMON_SN_2015,2015,"STATAREA, HECTARES, SQ_KM, FISHERY, ESTIMATE_T, LICENCE_AR, CALENDAR_Y, MGMT_AREA, VESSEL_COU, BOAT_DAYS, SOCKEYE_KE, SOCKEYE_RE, COHO_KEPT, COHO_RELD, PINK_KEPT, PINK_RELD, CHUM_KEPT, CHUM_RELD, CHINOOK_KE, CHINOOK_RE, STEELHEAD_, STEELHEAD1, NOTES, Shape_Leng, Shape_Area","2, 298232.517145, 2982.32517145, 1, 1, 1, 2015, 2, 7, 11, 0, 0, 0, 0, 0, 0, 58251, 0, 0, 0, 0, 0, NA, 3773930.78741, 2982325171.45",FALSE,NA,,
/home/shares/ohi/git-annex/bcprep/_raw_data/dfo_khunter/d2016/fisheries/sardine_2002_2012,sardine_2002_2012,Sardine2002_legal_1,2002,"OID_1, Count_, Sum_EstTon, Shape_Leng, Shape_Area","2893, 3, 50, 16000, 1.6e+07",FALSE,Sum_EstTon,,FALSE
/home/shares/ohi/git-annex/bcprep/_raw_data/dfo_khunter/d2016/fisheries/sardine_2002_2012,sardine_2002_2012,Sardine2002_legal,2002,"OID_1, Count_, Sum_EstTon, Shape_Leng, Shape_Area","2893, 3, 50, 16000, 1.6e+07",TRUE,Sum_EstTon,,FALSE
/home/shares/ohi/git-annex/bcprep/_raw_data/dfo_khunter/d2016/fisheries/sardine_2002_2012,sardine_2002_2012,Sardine2003_legal,2003,"OID_1, Count_, Sum_EstTon, Shape_Leng, Shape_Area","2775, 6, 31, 16000, 1.6e+07",TRUE,Sum_EstTon,,FALSE
/home/shares/ohi/git-annex/bcprep/_raw_data/dfo_khunter/d2016/fisheries/sardine_2002_2012,sardine_2002_2012,Sardine2004_legal,2004,"OID_1, Count_, Sum_EstTon, Shape_Leng, Shape_Area","2660, 3, 26, 16000, 1.6e+07",TRUE,Sum_EstTon,,FALSE
/home/shares/ohi/git-annex/bcprep/_raw_data/dfo_khunter/d2016/fisheries/sardine_2002_2012,sardine_2002_2012,Sardine2005_legal,2005,"OID_1, Count_, Sum_EstTon, Shape_Leng, Shape_Area","2535, 3, 60, 16000, 1.6e+07",TRUE,Sum_EstTon,,FALSE
/home/shares/ohi/git-annex/bcprep/_raw_data/dfo_khunter/d2016/fisheries/sardine_2002_2012,sardine_2002_2012,Sardine2006_legal,2006,"OID_1, Count_, Sum_EstTon, Shape_Leng, Shape_Area","7781, 3, 70, 16000, 1.6e+07",TRUE,Sum_EstTon,,FALSE
/home/shares/ohi/git-annex/bcprep/_raw_data/dfo_khunter/d2016/fisheries/sardine_2002_2012,sardine_2002_2012,Sardine2007_legal,2007,"OID_1, Count_, Sum_EstTon, Shape_Leng, Shape_Area","1045, 4, 80, 16000, 1.6e+07",TRUE,Sum_EstTon,,FALSE
/home/shares/ohi/git-annex/bcprep/_raw_data/dfo_khunter/d2016/fisheries/sardine_2002_2012,sardine_2002_2012,Sardine2008_legal,2008,"OID_1, Count_, Sum_EstTon, Shape_Leng, Shape_Area","2535, 5, 75, 16000, 1.6e+07",TRUE,Sum_EstTon,,FALSE
/home/shares/ohi/git-annex/bcprep/_raw_data/dfo_khunter/d2016/fisheries/sardine_2002_2012,sardine_2002_2012,Sardine2009_legal,2009,"OID_1, Count_, Sum_EstTon, Shape_Leng, Shape_Area","2536, 4, 215, 16000, 1.6e+07",TRUE,Sum_EstTon,,FALSE
/home/shares/ohi/git-annex/bcprep/_raw_data/dfo_khunter/d2016/fisheries/sardine_2002_2012,sardine_2002_2012,Sardine2010_legal,2010,"OID_1, Count_, Sum_EstTon, Shape_Leng, Shape_Area","2305, 3, 130, 16000, 1.6e+07",TRUE,Sum_EstTon,,FALSE
/home/shares/ohi/git-annex/bcprep/_raw_data/dfo_khunter/d2016/fisheries/sardine_2002_2012,sardine_2002_2012,Sardine2011_legal,2011,"OID_1, Count_, Sum_EstTon, Shape_Leng, Shape_Area","1475, 3, 133, 16000, 1.6e+07",TRUE,Sum_EstTon,,FALSE
/home/shares/ohi/git-annex/bcprep/_raw_data/dfo_khunter/d2016/fisheries/sardine_2002_2012,sardine_2002_2012,Sardine2012_legal,2012,"OID_1, Count_, Sum_EstTon, Shape_Leng, Shape_Area","2304, 3, 92, 16000, 1.6e+07",TRUE,Sum_EstTon,,FALSE
/home/shares/ohi/git-annex/bcprep/_raw_data/dfo_khunter/d2016/fisheries/scallop_trawl_2005_2015,scallop_trawl_2005_2015,Scalloptrawl_2005_legal_limfields,2005,"OBJECTID_1, Count_, Sum_num_tw, Sum_tm_fsh, Sum_tt_lnd, Shape_Leng, Shape_Area","0, 6, 9, 6, 271, 16000, 1.6e+07",TRUE,Sum_tt_lnd,,FALSE
/home/shares/ohi/git-annex/bcprep/_raw_data/dfo_khunter/d2016/fisheries/scallop_trawl_2005_2015,scallop_trawl_2005_2015,Scalloptrawl_2006_legal_limfields,2006,"OBJECTID_1, Count_, Sum_num_tw, Sum_tm_fsh, Sum_tt_lnd, Shape_Leng, Shape_Area","0, 10, 52, 57, 2790, 16000, 1.6e+07",TRUE,Sum_tt_lnd,,FALSE
/home/shares/ohi/git-annex/bcprep/_raw_data/dfo_khunter/d2016/fisheries/scallop_trawl_2005_2015,scallop_trawl_2005_2015,Scalloptrawl_2007_legal_limfields,2007,"OBJECTID_1, Count_, Sum_num_tw, Sum_tm_fsh, Sum_tt_lnd, Shape_Leng, Shape_Area","0, 23, 151, 157, 8030, 16000, 1.6e+07",TRUE,Sum_tt_lnd,,FALSE
/home/shares/ohi/git-annex/bcprep/_raw_data/dfo_khunter/d2016/fisheries/scallop_trawl_2005_2015,scallop_trawl_2005_2015,Scalloptrawl_2008_legal_limfields,2008,"OBJECTID, ET_ID, ET_Index, Count_, Sum_counte, Sum_cfv, Sum_year, Sum_gear_c, Sum_month, Sum_day, Sum_hour, Sum_stat_a, Sum_sub_ar, Sum_mx_dpt, Sum_mn_dpt, Sum_num_tw, Sum_tm_fsh, Sum_tt_lnd, Sum_lat_de, Sum_lat_mi, Sum_long_d, Sum_long_m, Sum_page_n, Sum_line_n, Sum_DscrdW, Shape_Leng, Shape_Area","26544, 26543, 6, 3, 98913, 72621, 6024, 150, 15, 33, 22, 39, 3, 397, 318, 22, 22, 910, 147, 170.560001373, 375, 30.6800003052, 120527, 7, 201, 16000, 1.6e+07",TRUE,Sum_tt_lnd,,FALSE
/home/shares/ohi/git-annex/bcprep/_raw_data/dfo_khunter/d2016/fisheries/scallop_trawl_2005_2015,scallop_trawl_2005_2015,Scalloptrawl_2009_legal_limfields,2009,"OBJECTID, ET_ID, ET_Index, Count_, Sum_counte, Sum_cfv, Sum_year, Sum_gear_c, Sum_month, Sum_day, Sum_hour, Sum_stat_a, Sum_sub_ar, Sum_mx_dpt, Sum_mn_dpt, Sum_num_tw, Sum_tm_fsh, Sum_tt_lnd, Sum_lat_de, Sum_lat_mi, Sum_long_d, Sum_long_m, Sum_page_n, Sum_line_n, Sum_DscrdW, Shape_Leng, Shape_Area","26828, 26827, 6, 13, 431259, 317553, 26117, 650, 132, 159, 114, 169, 13, 1925, 1480, 71, 77, 6202, 637, 764.040996552, 1625, 116.21599865, 522644, 39, 6073, 16000, 1.6e+07",TRUE,Sum_tt_lnd,,FALSE
/home/shares/ohi/git-annex/bcprep/_raw_data/dfo_khunter/d2016/fisheries/scallop_trawl_2005_2015,scallop_trawl_2005_2015,Scalloptrawl_2010_legal_limfields,2010,"OBJECTID, ET_ID, ET_Index, Count_, Sum_OBJECT, Sum_ET_ID, Sum_Count_, Sum_Sum_co, Sum_Sum_cf, Sum_Sum_ye, Sum_Sum_ge, Sum_Sum_mo, Sum_Sum_da, Sum_Sum_ho, Sum_Sum_st, Sum_Sum_su, Sum_Sum_mx, Sum_Sum_mn, Sum_Sum_nu, Sum_Sum_tm, Sum_Sum_tt, Sum_Sum_la, Sum_Sum__1, Sum_Sum_lo, Sum_Sum__2, Sum_Sum_pa, Sum_Sum_li, Sum_Sum_Ds, Sum_Shape_, Sum_Shape1, Shape_Leng, Shape_Area","29087, 29086, 1, 4, 116916, 116912, 53, 1756101, 1286103, 106477, 2650, 275, 699, 461, 689, 482, 9724, 6342, 314, 327, 14456, 2650, 882.839989662, 6625, 1292.25801086, 2130010, 187, 23877, 64000, 6.4e+07, 16000, 1.6e+07",TRUE,Sum_tt_lnd,,FALSE
/home/shares/ohi/git-annex/bcprep/_raw_data/dfo_khunter/d2016/fisheries/scallop_trawl_2005_2015,scallop_trawl_2005_2015,Scalloptrawl_2011_legal_limfields,2011,"OBJECTID, ET_ID, ET_Index, Count_, Sum_counte, Sum_cfv, Sum_year, Sum_gear_c, Sum_month, Sum_day, Sum_hour, Sum_stat_a, Sum_sub_ar, Sum_mx_dpt, Sum_mn_dpt, Sum_num_tw, Sum_tm_fsh, Sum_tt_lnd, Sum_lat_de, Sum_lat_mi, Sum_long_d, Sum_long_m, Sum_page_n, Sum_line_n, Sum_DscrdW, Shape_Leng, Shape_Area","26544, 26543, 4, 10, 333534, 230100, 20110, 500, 26, 130, 68, 130, 10, 1390, 1160, 64, 63, 1444, 490, 570.282012939, 1250, 104.627998352, 402380, 32, 1588, 16000, 1.6e+07",TRUE,Sum_tt_lnd,,FALSE
/home/shares/ohi/git-annex/bcprep/_raw_data/dfo_khunter/d2016/fisheries/scallop_trawl_2005_2015,scallop_trawl_2005_2015,Scalloptrawl_2012_legal_limfields,2012,"OBJECTID, ET_ID, ET_Index, Count_, Sum_counte, Sum_cfv, Sum_year, Sum_gear_c, Sum_month, Sum_day, Sum_hour, Sum_stat_a, Sum_sub_ar, Sum_mx_dpt, Sum_mn_dpt, Sum_num_tw, Sum_tm_fsh, Sum_tt_lnd, Sum_lat_de, Sum_lat_mi, Sum_long_d, Sum_long_m, Sum_page_n, Sum_line_n, Sum_DscrdW, Shape_Leng, Shape_Area","26828, 26827, 2, 5, 167610, 128685, 10060, 250, 20, 91, 34, 65, 5, 790, 475, 50, 47, 3535, 245, 293.500003815, 625, 44.4999980927, 201235, 30, 4967, 16000, 1.6e+07",TRUE,Sum_tt_lnd,,FALSE
/home/shares/ohi/git-annex/bcprep/_raw_data/dfo_khunter/d2016/fisheries/scallop_trawl_2005_2015,scallop_trawl_2005_2015,Scalloptrawl_2013_legal_limfields,2013,"OBJECTID, ET_ID, ET_Index, Count_, Sum_counte, Sum_cfv, Sum_year, Sum_gear_c, Sum_month, Sum_day, Sum_hour, Sum_stat_a, Sum_sub_ar, Sum_mx_dpt, Sum_mn_dpt, Sum_num_tw, Sum_tm_fsh, Sum_tt_lnd, Sum_lat_de, Sum_lat_mi, Sum_long_d, Sum_long_m, Sum_page_n, Sum_line_n, Sum_DscrdW, Shape_Leng, Shape_Area","26828, 26827, 3, 4, 134704, 102948, 8052, 200, 23, 71, 32, 52, 4, 660, 440, 33, 30, 3102, 196, 235.399993896, 500, 37.1599998474, 168025, 5, 2332, 16000, 1.6e+07",TRUE,Sum_tt_lnd,,FALSE
/home/shares/ohi/git-annex/bcprep/_raw_data/dfo_khunter/d2016/fisheries/scallop_trawl_2005_2015,scallop_trawl_2005_2015,Scalloptrawl_2014_legal_limfields,2014,"OBJECTID, ET_ID, ET_Index, Count_, Sum_counte, Sum_cfv, Sum_year, Sum_gear_c, Sum_month, Sum_day, Sum_hour, Sum_stat_a, Sum_sub_ar, Sum_mx_dpt, Sum_mn_dpt, Sum_num_tw, Sum_tm_fsh, Sum_tt_lnd, Sum_lat_de, Sum_lat_mi, Sum_long_d, Sum_long_m, Sum_page_n, Sum_line_n, Sum_DscrdW, Shape_Leng, Shape_Area","26828, 26827, 4, 4, 134992, 102948, 8056, 200, 20, 29, 32, 52, 4, 650, 440, 30, 25, 2737, 196, 235.399993896, 500, 37.1599998474, 168043, 7, 1481, 16000, 1.6e+07",TRUE,Sum_tt_lnd,,FALSE
/home/shares/ohi/git-annex/bcprep/_raw_data/dfo_khunter/d2016/fisheries/scallop_trawl_2005_2015,scallop_trawl_2005_2015,Scalloptrawl_2015_legal_limfields,2015,"OBJECTID_1, Count_, Sum_num_tw, Sum_tm_fsh, Sum_tt_lnd, Shape_Leng, Shape_Area","0, 6, 9, 6, 271, 16000, 1.6e+07",TRUE,Sum_tt_lnd,,FALSE
/home/shares/ohi/git-annex/bcprep/_raw_data/dfo_khunter/d2016/fisheries/shrimp_trawl_2005_2015,shrimp_trawl_2005_2015,Shrimptrawl_2005_legal_limfields,2005,"OBJECTID_1, Count_, Sum_tow_ti, Sum_pinks, Sum_sdstrp, Sum_prawns, Sum_hmpbck, Sum_docks, Sum_smth_p, Sum_flxd_p, Sum_othr_w, Sum_spny_p, Shape_Leng, Shape_Area","0, 3, 360, 150, 100, 0, 0, 750, 150, 0, 0, 0, 16000, 1.6e+07",TRUE,NA,Sum_pinks Sum_sdstrp Sum_prawns Sum_hmpbck Sum_docks Sum_smth_p Sum_othr_w Sum_spny_p,FALSE
/home/shares/ohi/git-annex/bcprep/_raw_data/dfo_khunter/d2016/fisheries/shrimp_trawl_2005_2015,shrimp_trawl_2005_2015,Shrimptrawl_2006_legal_limfields,2006,"OBJECTID_1, Count_, Sum_tow_ti, Sum_prawns, Sum_hmpbck, Sum_docks, Sum_smth_p, Sum_flxd_p, Sum_othr_w, Sum_spny_p, Shape_Leng, Shape_Area","0, 90, 7752, 39, 1, 13882, 2695, 0, 0, 350, 16000, 1.6e+07",TRUE,NA,Sum_prawns Sum_hmpbck Sum_docks Sum_smth_p Sum_othr_w Sum_spny_p,FALSE
/home/shares/ohi/git-annex/bcprep/_raw_data/dfo_khunter/d2016/fisheries/shrimp_trawl_2005_2015,shrimp_trawl_2005_2015,Shrimptrawl_2007_legal_limfields,2007,"OBJECTID_1, Count_, Sum_tow_ti, Sum_pinks, Sum_sdstrp, Sum_prawns, Sum_hmpbck, Sum_docks, Sum_smth_p, Sum_flxd_p, Sum_othr_w, Sum_spny_p, Shape_Leng, Shape_Area","0, 32, 1795, 30, 35, 0, 0, 2306, 20, 0, 0, 10, 16000, 1.6e+07",TRUE,NA,Sum_pinks Sum_sdstrp Sum_prawns Sum_hmpbck Sum_docks Sum_smth_p Sum_othr_w Sum_spny_p,FALSE
/home/shares/ohi/git-annex/bcprep/_raw_data/dfo_khunter/d2016/fisheries/shrimp_trawl_2005_2015,shrimp_trawl_2005_2015,Shrimptrawl_2008_legal_limfields,2008,"OBJECTID_1, Count_, Sum_tow_ti, Sum_pinks, Sum_sdstrp, Sum_prawns, Sum_hmpbck, Sum_docks, Sum_smth_p, Sum_flxd_p, Sum_othr_w, Sum_spny_p, Shape_Leng, Shape_Area","0, 89, 5270, 225, 28, 0, 40, 7231, 40, 130, 0, 55, 16000, 1.6e+07",TRUE,NA,Sum_pinks Sum_sdstrp Sum_prawns Sum_hmpbck Sum_docks Sum_smth_p Sum_othr_w Sum_spny_p,FALSE
/home/shares/ohi/git-annex/bcprep/_raw_data/dfo_khunter/d2016/fisheries/shrimp_trawl_2005_2015,shrimp_trawl_2005_2015,Shrimptrawl_2009_legal_limfields,2009,"OBJECTID_1, Count_, Sum_tow_ti, Sum_pinks, Sum_sdstrp, Sum_prawns, Sum_hmpbck, Sum_docks, Sum_smth_p, Sum_flxd_p, Sum_othr_w, Sum_spny_p, Shape_Leng, Shape_Area","0, 70, 3950, 0, 0, 0, 200, 5250, 0, 0, 0, 0, 16000, 1.6e+07",TRUE,NA,Sum_pinks Sum_sdstrp Sum_prawns Sum_hmpbck Sum_docks Sum_smth_p Sum_othr_w Sum_spny_p,FALSE
/home/shares/ohi/git-annex/bcprep/_raw_data/dfo_khunter/d2016/fisheries/shrimp_trawl_2005_2015,shrimp_trawl_2005_2015,Shrimptrawl_2010_legal_limfields,2010,"OBJECTID_1, Count_, Sum_tow_ti, Sum_pinks, Sum_sdstrp, Sum_prawns, Sum_hmpbck, Sum_docks, Sum_smth_p, Sum_flxd_p, Sum_othr_w, Sum_spny_p, Shape_Leng, Shape_Area","0, 17, 1745, 132, 512, 33, 16, 90, 0, 0, 0, 132, 16000, 1.6e+07",TRUE,NA,Sum_pinks Sum_sdstrp Sum_prawns Sum_hmpbck Sum_docks Sum_smth_p Sum_othr_w Sum_spny_p,FALSE
/home/shares/ohi/git-annex/bcprep/_raw_data/dfo_khunter/d2016/fisheries/shrimp_trawl_2005_2015,shrimp_trawl_2005_2015,ShrimpTrawl_2011_legal_limfields,2011,"OBJECTID_1, Count_, Sum_tow_ti, Sum_pinks, Sum_sdstrp, Sum_prawns, Sum_hmpbck, Sum_docks, Sum_smth_p, Sum_flxd_p, Sum_othr_w, Sum_spny_p, Shape_Leng, Shape_Area","0, 3, 120, 500, 0, 0, 0, 0, 500, 0, 0, 0, 16000, 1.6e+07",TRUE,NA,Sum_pinks Sum_sdstrp Sum_prawns Sum_hmpbck Sum_docks Sum_smth_p Sum_othr_w Sum_spny_p,FALSE
/home/shares/ohi/git-annex/bcprep/_raw_data/dfo_khunter/d2016/fisheries/shrimp_trawl_2005_2015,shrimp_trawl_2005_2015,Shrimptrawl_2012_legal_limfields,2012,"OBJECTID_1, Count_, Sum_tow_ti, Sum_pinks, Sum_sdstrp, Sum_prawns, Sum_hmpbck, Sum_docks, Sum_smth_p, Sum_flxd_p, Sum_othr_w, Sum_spny_p, Shape_Leng, Shape_Area","0, 3, 75, 2400, 0, 0, 0, 0, 2400, 0, 0, 0, 16000, 1.6e+07",TRUE,NA,Sum_pinks Sum_sdstrp Sum_prawns Sum_hmpbck Sum_docks Sum_smth_p Sum_othr_w Sum_spny_p,FALSE
/home/shares/ohi/git-annex/bcprep/_raw_data/dfo_khunter/d2016/fisheries/shrimp_trawl_2005_2015,shrimp_trawl_2005_2015,Shrimptrawl_2013_legal_limfields,2013,"OBJECTID_1, Count_, Sum_tow_ti, Sum_pinks, Sum_sdstrp, Sum_prawns, Sum_hmpbck, Sum_docks, Sum_smth_p, Sum_flxd_p, Sum_othr_w, Sum_spny_p, Shape_Leng, Shape_Area","0, 9, 930, 1180, 0, 0, 0, 0, 1180, 0, 4, 0, 16000, 1.6e+07",TRUE,NA,Sum_pinks Sum_sdstrp Sum_prawns Sum_hmpbck Sum_docks Sum_smth_p Sum_othr_w Sum_spny_p,FALSE
/home/shares/ohi/git-annex/bcprep/_raw_data/dfo_khunter/d2016/fisheries/shrimp_trawl_2005_2015,shrimp_trawl_2005_2015,ShrimpTrawl_2015_legal_limfields,2015,"OBJECTID_1, Count_, Sum_tow_ti, Sum_pinks, Sum_sdstrp, Sum_prawns, Sum_hmpbck, Sum_docks, Sum_smth_p, Sum_flxd_p, Sum_othr_w, Sum_spny_p, Shape_Leng, Shape_Area","0, 4, 360, 120, 45, 0, 0, 0, 120, 0, 0, 0, 16000, 1.6e+07",TRUE,NA,Sum_pinks Sum_sdstrp Sum_prawns Sum_hmpbck Sum_docks Sum_smth_p Sum_othr_w Sum_spny_p,FALSE
/home/shares/ohi/git-annex/bcprep/_raw_data/dfo_khunter/d2016/fisheries/spot_prawn_trap_2001_2015,spot_prawn_trap_2001_2015,Prawn_2012_legal_limfields,2012,"Count_, Sum_soak_t, Sum_nm_trp, Sum_prwn_w, Sum_cnstrp, Sum_hmpbck, Shape_Leng, Shape_Area","34, 1008, 1700, 3281, 0, 0, 16000, 1.6e+07",TRUE,NA,Sum_prwn_w Sum_cnstrp Sum_hmpbck,FALSE
/home/shares/ohi/git-annex/bcprep/_raw_data/dfo_khunter/d2016/fisheries/spot_prawn_trap_2001_2015,spot_prawn_trap_2001_2015,Prawn_2013_legal_limfields,2013,"Count_, Sum_soak_t, Sum_nm_trp, Sum_prwn_w, Sum_cnstrp, Sum_hmpbck, Shape_Leng, Shape_Area","5, 18, 250, 0, 0, 0, 16000, 1.6e+07",TRUE,NA,Sum_prwn_w Sum_cnstrp Sum_hmpbck,FALSE
/home/shares/ohi/git-annex/bcprep/_raw_data/dfo_khunter/d2016/fisheries/spot_prawn_trap_2001_2015,spot_prawn_trap_2001_2015,Prawn_2014_legal_limfields,2014,"OBJECTID_1, Count_, Sum_soak_t, Sum_nm_trp, Sum_prwn_w, Sum_cnstrp, Sum_hmpbck, Shape_Leng, Shape_Area","0, 13, 276, 650, 997, 0, 0, 16000, 1.6e+07",TRUE,NA,Sum_prwn_w Sum_cnstrp Sum_hmpbck,FALSE
/home/shares/ohi/git-annex/bcprep/_raw_data/dfo_khunter/d2016/fisheries/spot_prawn_trap_2001_2015,spot_prawn_trap_2001_2015,Prawn_2015_legal_limfields,2015,"OBJECTID_1, Count_, Sum_soak_t, Sum_nm_trp, Sum_prwn_w, Sum_cnstrp, Sum_hmpbck, Shape_Leng, Shape_Area","0, 8, 184, 400, 303, 0, 0, 16000, 1.6e+07",TRUE,NA,Sum_prwn_w Sum_cnstrp Sum_hmpbck,FALSE
/home/shares/ohi/git-annex/bcprep/_raw_data/dfo_khunter/d2016/fisheries/spot_prawn_trap_2001_2015,spot_prawn_trap_2001_2015,PrawnTrap_Prawns2001_20110330_114657,2001,"ID, ET_ID, GRIDCELL, PNT_COUNT, Catch_kg, Effort_trp, SEASON","0, 23574, 1980, 1, 0, 0, 1",TRUE,Catch_kg,,TRUE
/home/shares/ohi/git-annex/bcprep/_raw_data/dfo_khunter/d2016/fisheries/spot_prawn_trap_2001_2015,spot_prawn_trap_2001_2015,PrawnTrap_Prawns2002_20110330_115832,2002,"ID, ET_ID, GRIDCELL, PNT_COUNT, Catch_kg, Effort_trp, SEASON","0, 23621, 1838, 2, 0, 0, 1",TRUE,Catch_kg,,TRUE
/home/shares/ohi/git-annex/bcprep/_raw_data/dfo_khunter/d2016/fisheries/spot_prawn_trap_2001_2015,spot_prawn_trap_2001_2015,PrawnTrap_Prawns2003_20110330_120819,2003,"ID, ET_ID, GRIDCELL, PNT_COUNT, Catch_kg, Effort_trp, SEASON","0, 23621, 1887, 2, 0, 0, 1",TRUE,Catch_kg,,TRUE
/home/shares/ohi/git-annex/bcprep/_raw_data/dfo_khunter/d2016/fisheries/spot_prawn_trap_2001_2015,spot_prawn_trap_2001_2015,PrawnTrap_Prawns2004_20110330_121912,2004,"ID, ET_ID, GRIDCELL, PNT_COUNT, Catch_kg, Effort_trp, SEASON","0, 23229, 1939, 1, 0, 0, 1",TRUE,Catch_kg,,TRUE
/home/shares/ohi/git-annex/bcprep/_raw_data/dfo_khunter/d2016/fisheries/spot_prawn_trap_2001_2015,spot_prawn_trap_2001_2015,PrawnTrap_Prawns2005_20110330_122947,2005,"ID, ET_ID, GRIDCELL, PNT_COUNT, Catch_kg, Effort_trp, SEASON","0, 22531, 1892, 1, 0, 0, 1",TRUE,Catch_kg,,TRUE
/home/shares/ohi/git-annex/bcprep/_raw_data/dfo_khunter/d2016/fisheries/spot_prawn_trap_2001_2015,spot_prawn_trap_2001_2015,PrawnTrap_Prawns2006_20110330_124011,2006,"ID, ET_ID, GRIDCELL, PNT_COUNT, Catch_kg, Effort_trp, SEASON","0, 23621, 1994, 1, 0, 0, 1",TRUE,Catch_kg,,TRUE
/home/shares/ohi/git-annex/bcprep/_raw_data/dfo_khunter/d2016/fisheries/spot_prawn_trap_2001_2015,spot_prawn_trap_2001_2015,PrawnTrap_Prawns2007_20110330_125101,2007,"ID, ET_ID, GRIDCELL, PNT_COUNT, Catch_kg, Effort_trp, SEASON","0, 23621, 1903, 2, 0, 0, 1",TRUE,Catch_kg,,TRUE
/home/shares/ohi/git-annex/bcprep/_raw_data/dfo_khunter/d2016/fisheries/spot_prawn_trap_2001_2015,spot_prawn_trap_2001_2015,PrawnTrap_Prawns2008_20110330_130122,2008,"ID, ET_ID, GRIDCELL, PNT_COUNT, Catch_kg, Effort_trp, SEASON","0, 23621, 1770, 2, 0, 0, 1",TRUE,Catch_kg,,TRUE
/home/shares/ohi/git-annex/bcprep/_raw_data/dfo_khunter/d2016/fisheries/spot_prawn_trap_2001_2015,spot_prawn_trap_2001_2015,PrawnTrap_Prawns2009_20110330_131058,2009,"ID, ET_ID, GRIDCELL, PNT_COUNT, Catch_kg, Effort_trp, SEASON","0, 23621, 1729, 3, 3293, 3400, 1",TRUE,Catch_kg,,TRUE
/home/shares/ohi/git-annex/bcprep/_raw_data/dfo_khunter/d2016/fisheries/spot_prawn_trap_2001_2015,spot_prawn_trap_2001_2015,PrawnTrap_Prawns2010_20130412_110101,2010,"ID, ET_ID, GRIDCELL, PNT_COUNT, Catch_kg, Effort_hr, SEASON","0, 23228, 1775, 1, 0, 0, 1",TRUE,Catch_kg,,TRUE
/home/shares/ohi/git-annex/bcprep/_raw_data/dfo_khunter/d2016/fisheries/spot_prawn_trap_2001_2015,spot_prawn_trap_2001_2015,PrawnTrap_Prawns2011_20130412_113340,2011,"ID, ET_ID, GRIDCELL, PNT_COUNT, Catch_kg, Effort_hr, SEASON","0, 23622, 1870, 1, 0, 0, 1",TRUE,Catch_kg,,TRUE
