stock_id,stock_name,param,year,value,sciname,ram_area_name
PCOD5AB,Pacific cod Queen Charlotte Sound,F/Fmsy,1956,0.960735317,Gadus macrocephalus,Queen Charlotte Sound
PCOD5AB,Pacific cod Queen Charlotte Sound,F/Fmsy,1957,1.364478515,Gadus macrocephalus,Queen Charlotte Sound
PCOD5AB,Pacific cod Queen Charlotte Sound,F/Fmsy,1958,0.764566708,Gadus macrocephalus,Queen Charlotte Sound
PCOD5AB,Pacific cod Queen Charlotte Sound,F/Fmsy,1959,0.759574839,Gadus macrocephalus,Queen Charlotte Sound
PCOD5AB,Pacific cod Queen Charlotte Sound,F/Fmsy,1960,0.611861129,Gadus macrocephalus,Queen Charlotte Sound
PCOD5AB,Pacific cod Queen Charlotte Sound,F/Fmsy,1961,0.344797725,Gadus macrocephalus,Queen Charlotte Sound
PCOD5AB,Pacific cod Queen Charlotte Sound,F/Fmsy,1962,0.626594723,Gadus macrocephalus,Queen Charlotte Sound
PCOD5AB,Pacific cod Queen Charlotte Sound,F/Fmsy,1963,1.21344077,Gadus macrocephalus,Queen Charlotte Sound
PCOD5AB,Pacific cod Queen Charlotte Sound,F/Fmsy,1964,0.703162148,Gadus macrocephalus,Queen Charlotte Sound
PCOD5AB,Pacific cod Queen Charlotte Sound,F/Fmsy,1965,0.889944293,Gadus macrocephalus,Queen Charlotte Sound
PCOD5AB,Pacific cod Queen Charlotte Sound,F/Fmsy,1966,0.988772905,Gadus macrocephalus,Queen Charlotte Sound
PCOD5AB,Pacific cod Queen Charlotte Sound,F/Fmsy,1967,1.121729038,Gadus macrocephalus,Queen Charlotte Sound
PCOD5AB,Pacific cod Queen Charlotte Sound,F/Fmsy,1968,1.067188689,Gadus macrocephalus,Queen Charlotte Sound
PCOD5AB,Pacific cod Queen Charlotte Sound,F/Fmsy,1969,0.967264336,Gadus macrocephalus,Queen Charlotte Sound
PCOD5AB,Pacific cod Queen Charlotte Sound,F/Fmsy,1970,0.424920176,Gadus macrocephalus,Queen Charlotte Sound
PCOD5AB,Pacific cod Queen Charlotte Sound,F/Fmsy,1971,1.241718174,Gadus macrocephalus,Queen Charlotte Sound
PCOD5AB,Pacific cod Queen Charlotte Sound,F/Fmsy,1972,1.104107326,Gadus macrocephalus,Queen Charlotte Sound
PCOD5AB,Pacific cod Queen Charlotte Sound,F/Fmsy,1973,0.734233355,Gadus macrocephalus,Queen Charlotte Sound
PCOD5AB,Pacific cod Queen Charlotte Sound,F/Fmsy,1974,0.884238019,Gadus macrocephalus,Queen Charlotte Sound
PCOD5AB,Pacific cod Queen Charlotte Sound,F/Fmsy,1975,0.942256187,Gadus macrocephalus,Queen Charlotte Sound
PCOD5AB,Pacific cod Queen Charlotte Sound,F/Fmsy,1976,0.954159784,Gadus macrocephalus,Queen Charlotte Sound
PCOD5AB,Pacific cod Queen Charlotte Sound,F/Fmsy,1977,0.647840866,Gadus macrocephalus,Queen Charlotte Sound
PCOD5AB,Pacific cod Queen Charlotte Sound,F/Fmsy,1978,0.939561253,Gadus macrocephalus,Queen Charlotte Sound
PCOD5AB,Pacific cod Queen Charlotte Sound,F/Fmsy,1979,1.16878143,Gadus macrocephalus,Queen Charlotte Sound
PCOD5AB,Pacific cod Queen Charlotte Sound,F/Fmsy,1980,1.004477381,Gadus macrocephalus,Queen Charlotte Sound
PCOD5AB,Pacific cod Queen Charlotte Sound,F/Fmsy,1981,0.870625661,Gadus macrocephalus,Queen Charlotte Sound
PCOD5AB,Pacific cod Queen Charlotte Sound,F/Fmsy,1982,0.829460488,Gadus macrocephalus,Queen Charlotte Sound
PCOD5AB,Pacific cod Queen Charlotte Sound,F/Fmsy,1983,0.332784513,Gadus macrocephalus,Queen Charlotte Sound
PCOD5AB,Pacific cod Queen Charlotte Sound,F/Fmsy,1984,0.719074989,Gadus macrocephalus,Queen Charlotte Sound
PCOD5AB,Pacific cod Queen Charlotte Sound,F/Fmsy,1985,0.614431589,Gadus macrocephalus,Queen Charlotte Sound
PCOD5AB,Pacific cod Queen Charlotte Sound,F/Fmsy,1986,0.62320151,Gadus macrocephalus,Queen Charlotte Sound
PCOD5AB,Pacific cod Queen Charlotte Sound,F/Fmsy,1987,1.770615262,Gadus macrocephalus,Queen Charlotte Sound
PCOD5AB,Pacific cod Queen Charlotte Sound,F/Fmsy,1988,1.227819801,Gadus macrocephalus,Queen Charlotte Sound
PCOD5AB,Pacific cod Queen Charlotte Sound,F/Fmsy,1989,0.675822358,Gadus macrocephalus,Queen Charlotte Sound
PCOD5AB,Pacific cod Queen Charlotte Sound,F/Fmsy,1990,0.791475932,Gadus macrocephalus,Queen Charlotte Sound
PCOD5AB,Pacific cod Queen Charlotte Sound,F/Fmsy,1991,1.553026126,Gadus macrocephalus,Queen Charlotte Sound
PCOD5AB,Pacific cod Queen Charlotte Sound,F/Fmsy,1992,1.692120959,Gadus macrocephalus,Queen Charlotte Sound
PCOD5AB,Pacific cod Queen Charlotte Sound,F/Fmsy,1993,2.001191153,Gadus macrocephalus,Queen Charlotte Sound
PCOD5AB,Pacific cod Queen Charlotte Sound,F/Fmsy,1994,1.519223372,Gadus macrocephalus,Queen Charlotte Sound
PCOD5AB,Pacific cod Queen Charlotte Sound,F/Fmsy,1995,1.120589607,Gadus macrocephalus,Queen Charlotte Sound
PCOD5AB,Pacific cod Queen Charlotte Sound,F/Fmsy,1996,1.167780408,Gadus macrocephalus,Queen Charlotte Sound
PCOD5AB,Pacific cod Queen Charlotte Sound,F/Fmsy,1997,1.149946614,Gadus macrocephalus,Queen Charlotte Sound
PCOD5AB,Pacific cod Queen Charlotte Sound,F/Fmsy,1998,1.332805066,Gadus macrocephalus,Queen Charlotte Sound
PCOD5AB,Pacific cod Queen Charlotte Sound,F/Fmsy,1999,1.420027299,Gadus macrocephalus,Queen Charlotte Sound
PCOD5AB,Pacific cod Queen Charlotte Sound,F/Fmsy,2000,1.139154283,Gadus macrocephalus,Queen Charlotte Sound
PCOD5AB,Pacific cod Queen Charlotte Sound,F/Fmsy,2001,0.617387617,Gadus macrocephalus,Queen Charlotte Sound
PCOD5AB,Pacific cod Queen Charlotte Sound,F/Fmsy,2002,0.825384515,Gadus macrocephalus,Queen Charlotte Sound
PCOD5AB,Pacific cod Queen Charlotte Sound,F/Fmsy,2003,1.350343055,Gadus macrocephalus,Queen Charlotte Sound
PCOD5AB,Pacific cod Queen Charlotte Sound,F/Fmsy,2004,1.474466897,Gadus macrocephalus,Queen Charlotte Sound
PCOD5AB,Pacific cod Queen Charlotte Sound,F/Fmsy,2005,1.559649848,Gadus macrocephalus,Queen Charlotte Sound
PCOD5AB,Pacific cod Queen Charlotte Sound,F/Fmsy,2006,1.47833847,Gadus macrocephalus,Queen Charlotte Sound
PCOD5AB,Pacific cod Queen Charlotte Sound,F/Fmsy,2007,0.810274501,Gadus macrocephalus,Queen Charlotte Sound
PCOD5AB,Pacific cod Queen Charlotte Sound,F/Fmsy,2008,0.221908546,Gadus macrocephalus,Queen Charlotte Sound
PCOD5AB,Pacific cod Queen Charlotte Sound,F/Fmsy,2009,0.653365125,Gadus macrocephalus,Queen Charlotte Sound
PCOD5AB,Pacific cod Queen Charlotte Sound,F/Fmsy,2010,1.45979771,Gadus macrocephalus,Queen Charlotte Sound
PCOD5AB,Pacific cod Queen Charlotte Sound,F/Fmsy,2011,1.304692451,Gadus macrocephalus,Queen Charlotte Sound
PCOD5AB,Pacific cod Queen Charlotte Sound,F/Fmsy,2012,0.845242092,Gadus macrocephalus,Queen Charlotte Sound
PCODHS,Pacific cod Hecate Strait,F/Fmsy,1956,0.584602112,Gadus macrocephalus,Hecate Strait
PCODHS,Pacific cod Hecate Strait,F/Fmsy,1957,0.767162377,Gadus macrocephalus,Hecate Strait
PCODHS,Pacific cod Hecate Strait,F/Fmsy,1958,1.212734206,Gadus macrocephalus,Hecate Strait
PCODHS,Pacific cod Hecate Strait,F/Fmsy,1959,0.881788856,Gadus macrocephalus,Hecate Strait
PCODHS,Pacific cod Hecate Strait,F/Fmsy,1960,0.674914631,Gadus macrocephalus,Hecate Strait
PCODHS,Pacific cod Hecate Strait,F/Fmsy,1961,0.451200145,Gadus macrocephalus,Hecate Strait
PCODHS,Pacific cod Hecate Strait,F/Fmsy,1962,0.521656092,Gadus macrocephalus,Hecate Strait
PCODHS,Pacific cod Hecate Strait,F/Fmsy,1963,0.467639594,Gadus macrocephalus,Hecate Strait
PCODHS,Pacific cod Hecate Strait,F/Fmsy,1964,0.724929378,Gadus macrocephalus,Hecate Strait
PCODHS,Pacific cod Hecate Strait,F/Fmsy,1965,0.979368329,Gadus macrocephalus,Hecate Strait
PCODHS,Pacific cod Hecate Strait,F/Fmsy,1966,1.244331915,Gadus macrocephalus,Hecate Strait
PCODHS,Pacific cod Hecate Strait,F/Fmsy,1967,1.112256398,Gadus macrocephalus,Hecate Strait
PCODHS,Pacific cod Hecate Strait,F/Fmsy,1968,1.036856183,Gadus macrocephalus,Hecate Strait
PCODHS,Pacific cod Hecate Strait,F/Fmsy,1969,0.871115028,Gadus macrocephalus,Hecate Strait
PCODHS,Pacific cod Hecate Strait,F/Fmsy,1970,0.495066826,Gadus macrocephalus,Hecate Strait
PCODHS,Pacific cod Hecate Strait,F/Fmsy,1971,0.534230327,Gadus macrocephalus,Hecate Strait
PCODHS,Pacific cod Hecate Strait,F/Fmsy,1972,0.556438746,Gadus macrocephalus,Hecate Strait
PCODHS,Pacific cod Hecate Strait,F/Fmsy,1973,0.575667838,Gadus macrocephalus,Hecate Strait
PCODHS,Pacific cod Hecate Strait,F/Fmsy,1974,0.796855408,Gadus macrocephalus,Hecate Strait
PCODHS,Pacific cod Hecate Strait,F/Fmsy,1975,0.95796952,Gadus macrocephalus,Hecate Strait
PCODHS,Pacific cod Hecate Strait,F/Fmsy,1976,0.912385811,Gadus macrocephalus,Hecate Strait
PCODHS,Pacific cod Hecate Strait,F/Fmsy,1977,0.844819919,Gadus macrocephalus,Hecate Strait
PCODHS,Pacific cod Hecate Strait,F/Fmsy,1978,0.611075735,Gadus macrocephalus,Hecate Strait
PCODHS,Pacific cod Hecate Strait,F/Fmsy,1979,1.273583677,Gadus macrocephalus,Hecate Strait
PCODHS,Pacific cod Hecate Strait,F/Fmsy,1980,1.055156434,Gadus macrocephalus,Hecate Strait
PCODHS,Pacific cod Hecate Strait,F/Fmsy,1981,0.705499019,Gadus macrocephalus,Hecate Strait
PCODHS,Pacific cod Hecate Strait,F/Fmsy,1982,0.681411258,Gadus macrocephalus,Hecate Strait
PCODHS,Pacific cod Hecate Strait,F/Fmsy,1983,0.704891529,Gadus macrocephalus,Hecate Strait
PCODHS,Pacific cod Hecate Strait,F/Fmsy,1984,0.567665689,Gadus macrocephalus,Hecate Strait
PCODHS,Pacific cod Hecate Strait,F/Fmsy,1985,0.357111321,Gadus macrocephalus,Hecate Strait
PCODHS,Pacific cod Hecate Strait,F/Fmsy,1986,0.689887925,Gadus macrocephalus,Hecate Strait
PCODHS,Pacific cod Hecate Strait,F/Fmsy,1987,1.221186171,Gadus macrocephalus,Hecate Strait
PCODHS,Pacific cod Hecate Strait,F/Fmsy,1988,0.947217642,Gadus macrocephalus,Hecate Strait
PCODHS,Pacific cod Hecate Strait,F/Fmsy,1989,0.668950439,Gadus macrocephalus,Hecate Strait
PCODHS,Pacific cod Hecate Strait,F/Fmsy,1990,0.752198606,Gadus macrocephalus,Hecate Strait
PCODHS,Pacific cod Hecate Strait,F/Fmsy,1991,1.633970891,Gadus macrocephalus,Hecate Strait
PCODHS,Pacific cod Hecate Strait,F/Fmsy,1992,1.531795002,Gadus macrocephalus,Hecate Strait
PCODHS,Pacific cod Hecate Strait,F/Fmsy,1993,1.406156194,Gadus macrocephalus,Hecate Strait
PCODHS,Pacific cod Hecate Strait,F/Fmsy,1994,0.684009962,Gadus macrocephalus,Hecate Strait
PCODHS,Pacific cod Hecate Strait,F/Fmsy,1995,0.643989367,Gadus macrocephalus,Hecate Strait
PCODHS,Pacific cod Hecate Strait,F/Fmsy,1996,0.763186182,Gadus macrocephalus,Hecate Strait
PCODHS,Pacific cod Hecate Strait,F/Fmsy,1997,0.891438657,Gadus macrocephalus,Hecate Strait
PCODHS,Pacific cod Hecate Strait,F/Fmsy,1998,0.760089454,Gadus macrocephalus,Hecate Strait
PCODHS,Pacific cod Hecate Strait,F/Fmsy,1999,0.569488636,Gadus macrocephalus,Hecate Strait
PCODHS,Pacific cod Hecate Strait,F/Fmsy,2000,0.504201805,Gadus macrocephalus,Hecate Strait
PCODHS,Pacific cod Hecate Strait,F/Fmsy,2001,0.229751804,Gadus macrocephalus,Hecate Strait
PCODHS,Pacific cod Hecate Strait,F/Fmsy,2002,0.168361549,Gadus macrocephalus,Hecate Strait
PCODHS,Pacific cod Hecate Strait,F/Fmsy,2003,0.209218552,Gadus macrocephalus,Hecate Strait
PCODHS,Pacific cod Hecate Strait,F/Fmsy,2004,0.242552806,Gadus macrocephalus,Hecate Strait
PCODHS,Pacific cod Hecate Strait,F/Fmsy,2005,0.345023585,Gadus macrocephalus,Hecate Strait
PCODHS,Pacific cod Hecate Strait,F/Fmsy,2006,0.363820262,Gadus macrocephalus,Hecate Strait
PCODHS,Pacific cod Hecate Strait,F/Fmsy,2007,0.177671041,Gadus macrocephalus,Hecate Strait
PCODHS,Pacific cod Hecate Strait,F/Fmsy,2008,0.131772918,Gadus macrocephalus,Hecate Strait
PCODHS,Pacific cod Hecate Strait,F/Fmsy,2009,0.210439206,Gadus macrocephalus,Hecate Strait
PCODHS,Pacific cod Hecate Strait,F/Fmsy,2010,0.3426068,Gadus macrocephalus,Hecate Strait
PCODHS,Pacific cod Hecate Strait,F/Fmsy,2011,0.306747288,Gadus macrocephalus,Hecate Strait
PCODHS,Pacific cod Hecate Strait,F/Fmsy,2012,0.257187101,Gadus macrocephalus,Hecate Strait
RSOLE5AB,Rock sole Queen Charlotte Sound,F/Fmsy,1945,0.01125523,Lepidopsetta bilineata,Queen Charlotte Sound
RSOLE5AB,Rock sole Queen Charlotte Sound,F/Fmsy,1946,5.52301e-4,Lepidopsetta bilineata,Queen Charlotte Sound
RSOLE5AB,Rock sole Queen Charlotte Sound,F/Fmsy,1947,0.030502092,Lepidopsetta bilineata,Queen Charlotte Sound
RSOLE5AB,Rock sole Queen Charlotte Sound,F/Fmsy,1948,0.020041841,Lepidopsetta bilineata,Queen Charlotte Sound
RSOLE5AB,Rock sole Queen Charlotte Sound,F/Fmsy,1949,0.01874477,Lepidopsetta bilineata,Queen Charlotte Sound
RSOLE5AB,Rock sole Queen Charlotte Sound,F/Fmsy,1950,0.116736402,Lepidopsetta bilineata,Queen Charlotte Sound
RSOLE5AB,Rock sole Queen Charlotte Sound,F/Fmsy,1951,0.09707113,Lepidopsetta bilineata,Queen Charlotte Sound
RSOLE5AB,Rock sole Queen Charlotte Sound,F/Fmsy,1952,0.157322176,Lepidopsetta bilineata,Queen Charlotte Sound
RSOLE5AB,Rock sole Queen Charlotte Sound,F/Fmsy,1953,0.054811715,Lepidopsetta bilineata,Queen Charlotte Sound
RSOLE5AB,Rock sole Queen Charlotte Sound,F/Fmsy,1954,0.071129707,Lepidopsetta bilineata,Queen Charlotte Sound
RSOLE5AB,Rock sole Queen Charlotte Sound,F/Fmsy,1955,0.120920502,Lepidopsetta bilineata,Queen Charlotte Sound
RSOLE5AB,Rock sole Queen Charlotte Sound,F/Fmsy,1956,0.489539749,Lepidopsetta bilineata,Queen Charlotte Sound
RSOLE5AB,Rock sole Queen Charlotte Sound,F/Fmsy,1957,0.447698745,Lepidopsetta bilineata,Queen Charlotte Sound
RSOLE5AB,Rock sole Queen Charlotte Sound,F/Fmsy,1958,0.594142259,Lepidopsetta bilineata,Queen Charlotte Sound
RSOLE5AB,Rock sole Queen Charlotte Sound,F/Fmsy,1959,0.422594142,Lepidopsetta bilineata,Queen Charlotte Sound
RSOLE5AB,Rock sole Queen Charlotte Sound,F/Fmsy,1960,0.686192469,Lepidopsetta bilineata,Queen Charlotte Sound
RSOLE5AB,Rock sole Queen Charlotte Sound,F/Fmsy,1961,0.531380753,Lepidopsetta bilineata,Queen Charlotte Sound
RSOLE5AB,Rock sole Queen Charlotte Sound,F/Fmsy,1962,0.606694561,Lepidopsetta bilineata,Queen Charlotte Sound
RSOLE5AB,Rock sole Queen Charlotte Sound,F/Fmsy,1963,0.560669456,Lepidopsetta bilineata,Queen Charlotte Sound
RSOLE5AB,Rock sole Queen Charlotte Sound,F/Fmsy,1964,0.560669456,Lepidopsetta bilineata,Queen Charlotte Sound
RSOLE5AB,Rock sole Queen Charlotte Sound,F/Fmsy,1965,0.648535565,Lepidopsetta bilineata,Queen Charlotte Sound
RSOLE5AB,Rock sole Queen Charlotte Sound,F/Fmsy,1966,0.945606695,Lepidopsetta bilineata,Queen Charlotte Sound
RSOLE5AB,Rock sole Queen Charlotte Sound,F/Fmsy,1967,1.0041841,Lepidopsetta bilineata,Queen Charlotte Sound
RSOLE5AB,Rock sole Queen Charlotte Sound,F/Fmsy,1968,0.928870293,Lepidopsetta bilineata,Queen Charlotte Sound
RSOLE5AB,Rock sole Queen Charlotte Sound,F/Fmsy,1969,1.129707113,Lepidopsetta bilineata,Queen Charlotte Sound
RSOLE5AB,Rock sole Queen Charlotte Sound,F/Fmsy,1970,0.619246862,Lepidopsetta bilineata,Queen Charlotte Sound
RSOLE5AB,Rock sole Queen Charlotte Sound,F/Fmsy,1971,0.677824268,Lepidopsetta bilineata,Queen Charlotte Sound
RSOLE5AB,Rock sole Queen Charlotte Sound,F/Fmsy,1972,0.548117155,Lepidopsetta bilineata,Queen Charlotte Sound
RSOLE5AB,Rock sole Queen Charlotte Sound,F/Fmsy,1973,0.485355649,Lepidopsetta bilineata,Queen Charlotte Sound
RSOLE5AB,Rock sole Queen Charlotte Sound,F/Fmsy,1974,0.569037657,Lepidopsetta bilineata,Queen Charlotte Sound
RSOLE5AB,Rock sole Queen Charlotte Sound,F/Fmsy,1975,0.581589958,Lepidopsetta bilineata,Queen Charlotte Sound
RSOLE5AB,Rock sole Queen Charlotte Sound,F/Fmsy,1976,0.732217573,Lepidopsetta bilineata,Queen Charlotte Sound
RSOLE5AB,Rock sole Queen Charlotte Sound,F/Fmsy,1977,0.39748954,Lepidopsetta bilineata,Queen Charlotte Sound
RSOLE5AB,Rock sole Queen Charlotte Sound,F/Fmsy,1978,0.408368201,Lepidopsetta bilineata,Queen Charlotte Sound
RSOLE5AB,Rock sole Queen Charlotte Sound,F/Fmsy,1979,0.548117155,Lepidopsetta bilineata,Queen Charlotte Sound
RSOLE5AB,Rock sole Queen Charlotte Sound,F/Fmsy,1980,0.841004184,Lepidopsetta bilineata,Queen Charlotte Sound
RSOLE5AB,Rock sole Queen Charlotte Sound,F/Fmsy,1981,0.476987448,Lepidopsetta bilineata,Queen Charlotte Sound
RSOLE5AB,Rock sole Queen Charlotte Sound,F/Fmsy,1982,0.535564854,Lepidopsetta bilineata,Queen Charlotte Sound
RSOLE5AB,Rock sole Queen Charlotte Sound,F/Fmsy,1983,0.481171548,Lepidopsetta bilineata,Queen Charlotte Sound
RSOLE5AB,Rock sole Queen Charlotte Sound,F/Fmsy,1984,0.354811715,Lepidopsetta bilineata,Queen Charlotte Sound
RSOLE5AB,Rock sole Queen Charlotte Sound,F/Fmsy,1985,0.348117155,Lepidopsetta bilineata,Queen Charlotte Sound
RSOLE5AB,Rock sole Queen Charlotte Sound,F/Fmsy,1986,0.228870293,Lepidopsetta bilineata,Queen Charlotte Sound
RSOLE5AB,Rock sole Queen Charlotte Sound,F/Fmsy,1987,0.371129707,Lepidopsetta bilineata,Queen Charlotte Sound
RSOLE5AB,Rock sole Queen Charlotte Sound,F/Fmsy,1988,0.476987448,Lepidopsetta bilineata,Queen Charlotte Sound
RSOLE5AB,Rock sole Queen Charlotte Sound,F/Fmsy,1989,0.40041841,Lepidopsetta bilineata,Queen Charlotte Sound
RSOLE5AB,Rock sole Queen Charlotte Sound,F/Fmsy,1990,0.673640167,Lepidopsetta bilineata,Queen Charlotte Sound
RSOLE5AB,Rock sole Queen Charlotte Sound,F/Fmsy,1991,0.786610879,Lepidopsetta bilineata,Queen Charlotte Sound
RSOLE5AB,Rock sole Queen Charlotte Sound,F/Fmsy,1992,0.861924686,Lepidopsetta bilineata,Queen Charlotte Sound
RSOLE5AB,Rock sole Queen Charlotte Sound,F/Fmsy,1993,1.192468619,Lepidopsetta bilineata,Queen Charlotte Sound
RSOLE5AB,Rock sole Queen Charlotte Sound,F/Fmsy,1994,1.251046025,Lepidopsetta bilineata,Queen Charlotte Sound
RSOLE5AB,Rock sole Queen Charlotte Sound,F/Fmsy,1995,1.292887029,Lepidopsetta bilineata,Queen Charlotte Sound
RSOLE5AB,Rock sole Queen Charlotte Sound,F/Fmsy,1996,0.983263598,Lepidopsetta bilineata,Queen Charlotte Sound
RSOLE5AB,Rock sole Queen Charlotte Sound,F/Fmsy,1997,0.769874477,Lepidopsetta bilineata,Queen Charlotte Sound
RSOLE5AB,Rock sole Queen Charlotte Sound,F/Fmsy,1998,0.761506276,Lepidopsetta bilineata,Queen Charlotte Sound
RSOLE5AB,Rock sole Queen Charlotte Sound,F/Fmsy,1999,0.824267782,Lepidopsetta bilineata,Queen Charlotte Sound
RSOLE5AB,Rock sole Queen Charlotte Sound,F/Fmsy,2000,0.928870293,Lepidopsetta bilineata,Queen Charlotte Sound
RSOLE5AB,Rock sole Queen Charlotte Sound,F/Fmsy,2001,1.079497908,Lepidopsetta bilineata,Queen Charlotte Sound
RSOLE5AB,Rock sole Queen Charlotte Sound,F/Fmsy,2002,1.631799163,Lepidopsetta bilineata,Queen Charlotte Sound
RSOLE5AB,Rock sole Queen Charlotte Sound,F/Fmsy,2003,1.694560669,Lepidopsetta bilineata,Queen Charlotte Sound
RSOLE5AB,Rock sole Queen Charlotte Sound,F/Fmsy,2004,1.405857741,Lepidopsetta bilineata,Queen Charlotte Sound
RSOLE5AB,Rock sole Queen Charlotte Sound,F/Fmsy,2005,1.062761506,Lepidopsetta bilineata,Queen Charlotte Sound
RSOLE5AB,Rock sole Queen Charlotte Sound,F/Fmsy,2006,0.82845188299999994,Lepidopsetta bilineata,Queen Charlotte Sound
RSOLE5AB,Rock sole Queen Charlotte Sound,F/Fmsy,2007,0.556485356,Lepidopsetta bilineata,Queen Charlotte Sound
RSOLE5AB,Rock sole Queen Charlotte Sound,F/Fmsy,2008,0.177824268,Lepidopsetta bilineata,Queen Charlotte Sound
RSOLE5AB,Rock sole Queen Charlotte Sound,F/Fmsy,2009,0.456066946,Lepidopsetta bilineata,Queen Charlotte Sound
RSOLE5AB,Rock sole Queen Charlotte Sound,F/Fmsy,2010,0.933054393,Lepidopsetta bilineata,Queen Charlotte Sound
RSOLE5AB,Rock sole Queen Charlotte Sound,F/Fmsy,2011,0.690376569,Lepidopsetta bilineata,Queen Charlotte Sound
RSOLE5AB,Rock sole Queen Charlotte Sound,F/Fmsy,2012,0.489539749,Lepidopsetta bilineata,Queen Charlotte Sound
RSOLE5AB,Rock sole Queen Charlotte Sound,F/Fmsy,2013,0.460251046,Lepidopsetta bilineata,Queen Charlotte Sound
RSOLEHSTR,Rock sole Hecate Strait,F/Fmsy,1945,0.01469428,Lepidopsetta bilineata,Hecate Strait
RSOLEHSTR,Rock sole Hecate Strait,F/Fmsy,1946,0.050098619,Lepidopsetta bilineata,Hecate Strait
RSOLEHSTR,Rock sole Hecate Strait,F/Fmsy,1947,0.147337278,Lepidopsetta bilineata,Hecate Strait
RSOLEHSTR,Rock sole Hecate Strait,F/Fmsy,1948,0.118343195,Lepidopsetta bilineata,Hecate Strait
RSOLEHSTR,Rock sole Hecate Strait,F/Fmsy,1949,0.087573964,Lepidopsetta bilineata,Hecate Strait
RSOLEHSTR,Rock sole Hecate Strait,F/Fmsy,1950,0.086390533,Lepidopsetta bilineata,Hecate Strait
RSOLEHSTR,Rock sole Hecate Strait,F/Fmsy,1951,0.158185404,Lepidopsetta bilineata,Hecate Strait
RSOLEHSTR,Rock sole Hecate Strait,F/Fmsy,1952,0.264299803,Lepidopsetta bilineata,Hecate Strait
RSOLEHSTR,Rock sole Hecate Strait,F/Fmsy,1953,0.077514793,Lepidopsetta bilineata,Hecate Strait
RSOLEHSTR,Rock sole Hecate Strait,F/Fmsy,1954,0.093885602,Lepidopsetta bilineata,Hecate Strait
RSOLEHSTR,Rock sole Hecate Strait,F/Fmsy,1955,0.145956607,Lepidopsetta bilineata,Hecate Strait
RSOLEHSTR,Rock sole Hecate Strait,F/Fmsy,1956,0.104733728,Lepidopsetta bilineata,Hecate Strait
RSOLEHSTR,Rock sole Hecate Strait,F/Fmsy,1957,0.119526627,Lepidopsetta bilineata,Hecate Strait
RSOLEHSTR,Rock sole Hecate Strait,F/Fmsy,1958,0.141814596,Lepidopsetta bilineata,Hecate Strait
RSOLEHSTR,Rock sole Hecate Strait,F/Fmsy,1959,0.052859961,Lepidopsetta bilineata,Hecate Strait
RSOLEHSTR,Rock sole Hecate Strait,F/Fmsy,1960,0.130966469,Lepidopsetta bilineata,Hecate Strait
RSOLEHSTR,Rock sole Hecate Strait,F/Fmsy,1961,0.093293886,Lepidopsetta bilineata,Hecate Strait
RSOLEHSTR,Rock sole Hecate Strait,F/Fmsy,1962,0.105325444,Lepidopsetta bilineata,Hecate Strait
RSOLEHSTR,Rock sole Hecate Strait,F/Fmsy,1963,0.111439842,Lepidopsetta bilineata,Hecate Strait
RSOLEHSTR,Rock sole Hecate Strait,F/Fmsy,1964,0.103155819,Lepidopsetta bilineata,Hecate Strait
RSOLEHSTR,Rock sole Hecate Strait,F/Fmsy,1965,0.126627219,Lepidopsetta bilineata,Hecate Strait
RSOLEHSTR,Rock sole Hecate Strait,F/Fmsy,1966,0.34122288,Lepidopsetta bilineata,Hecate Strait
RSOLEHSTR,Rock sole Hecate Strait,F/Fmsy,1967,0.319526627,Lepidopsetta bilineata,Hecate Strait
RSOLEHSTR,Rock sole Hecate Strait,F/Fmsy,1968,0.382642998,Lepidopsetta bilineata,Hecate Strait
RSOLEHSTR,Rock sole Hecate Strait,F/Fmsy,1969,0.420118343,Lepidopsetta bilineata,Hecate Strait
RSOLEHSTR,Rock sole Hecate Strait,F/Fmsy,1970,0.285996055,Lepidopsetta bilineata,Hecate Strait
RSOLEHSTR,Rock sole Hecate Strait,F/Fmsy,1971,0.307692308,Lepidopsetta bilineata,Hecate Strait
RSOLEHSTR,Rock sole Hecate Strait,F/Fmsy,1972,0.118540434,Lepidopsetta bilineata,Hecate Strait
RSOLEHSTR,Rock sole Hecate Strait,F/Fmsy,1973,0.098816568,Lepidopsetta bilineata,Hecate Strait
RSOLEHSTR,Rock sole Hecate Strait,F/Fmsy,1974,0.125443787,Lepidopsetta bilineata,Hecate Strait
RSOLEHSTR,Rock sole Hecate Strait,F/Fmsy,1975,0.238658777,Lepidopsetta bilineata,Hecate Strait
RSOLEHSTR,Rock sole Hecate Strait,F/Fmsy,1976,0.278106509,Lepidopsetta bilineata,Hecate Strait
RSOLEHSTR,Rock sole Hecate Strait,F/Fmsy,1977,0.172978304,Lepidopsetta bilineata,Hecate Strait
RSOLEHSTR,Rock sole Hecate Strait,F/Fmsy,1978,0.193096647,Lepidopsetta bilineata,Hecate Strait
RSOLEHSTR,Rock sole Hecate Strait,F/Fmsy,1979,0.278106509,Lepidopsetta bilineata,Hecate Strait
RSOLEHSTR,Rock sole Hecate Strait,F/Fmsy,1980,0.238658777,Lepidopsetta bilineata,Hecate Strait
RSOLEHSTR,Rock sole Hecate Strait,F/Fmsy,1981,0.155621302,Lepidopsetta bilineata,Hecate Strait
RSOLEHSTR,Rock sole Hecate Strait,F/Fmsy,1982,0.077514793,Lepidopsetta bilineata,Hecate Strait
RSOLEHSTR,Rock sole Hecate Strait,F/Fmsy,1983,0.060946746,Lepidopsetta bilineata,Hecate Strait
RSOLEHSTR,Rock sole Hecate Strait,F/Fmsy,1984,0.053648915,Lepidopsetta bilineata,Hecate Strait
RSOLEHSTR,Rock sole Hecate Strait,F/Fmsy,1985,0.027416174,Lepidopsetta bilineata,Hecate Strait
RSOLEHSTR,Rock sole Hecate Strait,F/Fmsy,1986,0.060749507,Lepidopsetta bilineata,Hecate Strait
RSOLEHSTR,Rock sole Hecate Strait,F/Fmsy,1987,0.135897436,Lepidopsetta bilineata,Hecate Strait
RSOLEHSTR,Rock sole Hecate Strait,F/Fmsy,1988,0.284023669,Lepidopsetta bilineata,Hecate Strait
RSOLEHSTR,Rock sole Hecate Strait,F/Fmsy,1989,0.353057199,Lepidopsetta bilineata,Hecate Strait
RSOLEHSTR,Rock sole Hecate Strait,F/Fmsy,1990,0.378698225,Lepidopsetta bilineata,Hecate Strait
RSOLEHSTR,Rock sole Hecate Strait,F/Fmsy,1991,0.605522682,Lepidopsetta bilineata,Hecate Strait
RSOLEHSTR,Rock sole Hecate Strait,F/Fmsy,1992,0.599605523,Lepidopsetta bilineata,Hecate Strait
RSOLEHSTR,Rock sole Hecate Strait,F/Fmsy,1993,0.556213018,Lepidopsetta bilineata,Hecate Strait
RSOLEHSTR,Rock sole Hecate Strait,F/Fmsy,1994,0.351084813,Lepidopsetta bilineata,Hecate Strait
RSOLEHSTR,Rock sole Hecate Strait,F/Fmsy,1995,0.313609467,Lepidopsetta bilineata,Hecate Strait
RSOLEHSTR,Rock sole Hecate Strait,F/Fmsy,1996,0.167061144,Lepidopsetta bilineata,Hecate Strait
RSOLEHSTR,Rock sole Hecate Strait,F/Fmsy,1997,0.182840237,Lepidopsetta bilineata,Hecate Strait
RSOLEHSTR,Rock sole Hecate Strait,F/Fmsy,1998,0.159171598,Lepidopsetta bilineata,Hecate Strait
RSOLEHSTR,Rock sole Hecate Strait,F/Fmsy,1999,0.201183432,Lepidopsetta bilineata,Hecate Strait
RSOLEHSTR,Rock sole Hecate Strait,F/Fmsy,2000,0.230769231,Lepidopsetta bilineata,Hecate Strait
RSOLEHSTR,Rock sole Hecate Strait,F/Fmsy,2001,0.192504931,Lepidopsetta bilineata,Hecate Strait
RSOLEHSTR,Rock sole Hecate Strait,F/Fmsy,2002,0.194477318,Lepidopsetta bilineata,Hecate Strait
RSOLEHSTR,Rock sole Hecate Strait,F/Fmsy,2003,0.182248521,Lepidopsetta bilineata,Hecate Strait
RSOLEHSTR,Rock sole Hecate Strait,F/Fmsy,2004,0.183037475,Lepidopsetta bilineata,Hecate Strait
RSOLEHSTR,Rock sole Hecate Strait,F/Fmsy,2005,0.110059172,Lepidopsetta bilineata,Hecate Strait
RSOLEHSTR,Rock sole Hecate Strait,F/Fmsy,2006,0.11321499,Lepidopsetta bilineata,Hecate Strait
RSOLEHSTR,Rock sole Hecate Strait,F/Fmsy,2007,0.094871795,Lepidopsetta bilineata,Hecate Strait
RSOLEHSTR,Rock sole Hecate Strait,F/Fmsy,2008,0.082840237,Lepidopsetta bilineata,Hecate Strait
RSOLEHSTR,Rock sole Hecate Strait,F/Fmsy,2009,0.147534517,Lepidopsetta bilineata,Hecate Strait
RSOLEHSTR,Rock sole Hecate Strait,F/Fmsy,2010,0.092504931,Lepidopsetta bilineata,Hecate Strait
RSOLEHSTR,Rock sole Hecate Strait,F/Fmsy,2011,0.108678501,Lepidopsetta bilineata,Hecate Strait
RSOLEHSTR,Rock sole Hecate Strait,F/Fmsy,2012,0.083629191,Lepidopsetta bilineata,Hecate Strait
RSOLEHSTR,Rock sole Hecate Strait,F/Fmsy,2013,0.076923077,Lepidopsetta bilineata,Hecate Strait
SABLEFPCAN,Sablefish Pacific Coast of Canada,F/Fmsy,1965,0.088272727,Anoplopoma fimbria,Pacific Coast of Canada
SABLEFPCAN,Sablefish Pacific Coast of Canada,F/Fmsy,1966,0.124545455,Anoplopoma fimbria,Pacific Coast of Canada
SABLEFPCAN,Sablefish Pacific Coast of Canada,F/Fmsy,1967,0.16,Anoplopoma fimbria,Pacific Coast of Canada
SABLEFPCAN,Sablefish Pacific Coast of Canada,F/Fmsy,1968,0.27,Anoplopoma fimbria,Pacific Coast of Canada
SABLEFPCAN,Sablefish Pacific Coast of Canada,F/Fmsy,1969,0.449090909,Anoplopoma fimbria,Pacific Coast of Canada
SABLEFPCAN,Sablefish Pacific Coast of Canada,F/Fmsy,1970,0.525454545,Anoplopoma fimbria,Pacific Coast of Canada
SABLEFPCAN,Sablefish Pacific Coast of Canada,F/Fmsy,1971,0.380909091,Anoplopoma fimbria,Pacific Coast of Canada
SABLEFPCAN,Sablefish Pacific Coast of Canada,F/Fmsy,1972,0.760909091,Anoplopoma fimbria,Pacific Coast of Canada
SABLEFPCAN,Sablefish Pacific Coast of Canada,F/Fmsy,1973,0.43727272700000003,Anoplopoma fimbria,Pacific Coast of Canada
SABLEFPCAN,Sablefish Pacific Coast of Canada,F/Fmsy,1974,0.584545455,Anoplopoma fimbria,Pacific Coast of Canada
SABLEFPCAN,Sablefish Pacific Coast of Canada,F/Fmsy,1975,1,Anoplopoma fimbria,Pacific Coast of Canada
SABLEFPCAN,Sablefish Pacific Coast of Canada,F/Fmsy,1976,1.054545455,Anoplopoma fimbria,Pacific Coast of Canada
SABLEFPCAN,Sablefish Pacific Coast of Canada,F/Fmsy,1977,0.945454545,Anoplopoma fimbria,Pacific Coast of Canada
SABLEFPCAN,Sablefish Pacific Coast of Canada,F/Fmsy,1978,0.799090909,Anoplopoma fimbria,Pacific Coast of Canada
SABLEFPCAN,Sablefish Pacific Coast of Canada,F/Fmsy,1979,1.045454545,Anoplopoma fimbria,Pacific Coast of Canada
SABLEFPCAN,Sablefish Pacific Coast of Canada,F/Fmsy,1980,0.894545455,Anoplopoma fimbria,Pacific Coast of Canada
SABLEFPCAN,Sablefish Pacific Coast of Canada,F/Fmsy,1981,0.719090909,Anoplopoma fimbria,Pacific Coast of Canada
SABLEFPCAN,Sablefish Pacific Coast of Canada,F/Fmsy,1982,0.757272727,Anoplopoma fimbria,Pacific Coast of Canada
SABLEFPCAN,Sablefish Pacific Coast of Canada,F/Fmsy,1983,0.82,Anoplopoma fimbria,Pacific Coast of Canada
SABLEFPCAN,Sablefish Pacific Coast of Canada,F/Fmsy,1984,0.706363636,Anoplopoma fimbria,Pacific Coast of Canada
SABLEFPCAN,Sablefish Pacific Coast of Canada,F/Fmsy,1985,0.763636364,Anoplopoma fimbria,Pacific Coast of Canada
SABLEFPCAN,Sablefish Pacific Coast of Canada,F/Fmsy,1986,0.868181818,Anoplopoma fimbria,Pacific Coast of Canada
SABLEFPCAN,Sablefish Pacific Coast of Canada,F/Fmsy,1987,0.873636364,Anoplopoma fimbria,Pacific Coast of Canada
SABLEFPCAN,Sablefish Pacific Coast of Canada,F/Fmsy,1988,1.081818182,Anoplopoma fimbria,Pacific Coast of Canada
SABLEFPCAN,Sablefish Pacific Coast of Canada,F/Fmsy,1989,1.1,Anoplopoma fimbria,Pacific Coast of Canada
SABLEFPCAN,Sablefish Pacific Coast of Canada,F/Fmsy,1990,1.036363636,Anoplopoma fimbria,Pacific Coast of Canada
SABLEFPCAN,Sablefish Pacific Coast of Canada,F/Fmsy,1991,1.127272727,Anoplopoma fimbria,Pacific Coast of Canada
SABLEFPCAN,Sablefish Pacific Coast of Canada,F/Fmsy,1992,1.181818182,Anoplopoma fimbria,Pacific Coast of Canada
SABLEFPCAN,Sablefish Pacific Coast of Canada,F/Fmsy,1993,1.336363636,Anoplopoma fimbria,Pacific Coast of Canada
SABLEFPCAN,Sablefish Pacific Coast of Canada,F/Fmsy,1994,1.4,Anoplopoma fimbria,Pacific Coast of Canada
SABLEFPCAN,Sablefish Pacific Coast of Canada,F/Fmsy,1995,1.272727273,Anoplopoma fimbria,Pacific Coast of Canada
SABLEFPCAN,Sablefish Pacific Coast of Canada,F/Fmsy,1996,1.054545455,Anoplopoma fimbria,Pacific Coast of Canada
SABLEFPCAN,Sablefish Pacific Coast of Canada,F/Fmsy,1997,1.318181818,Anoplopoma fimbria,Pacific Coast of Canada
SABLEFPCAN,Sablefish Pacific Coast of Canada,F/Fmsy,1998,1.672727273,Anoplopoma fimbria,Pacific Coast of Canada
SABLEFPCAN,Sablefish Pacific Coast of Canada,F/Fmsy,1999,1.854545455,Anoplopoma fimbria,Pacific Coast of Canada
SABLEFPCAN,Sablefish Pacific Coast of Canada,F/Fmsy,2000,1.654545455,Anoplopoma fimbria,Pacific Coast of Canada
SABLEFPCAN,Sablefish Pacific Coast of Canada,F/Fmsy,2001,1.618181818,Anoplopoma fimbria,Pacific Coast of Canada
SABLEFPCAN,Sablefish Pacific Coast of Canada,F/Fmsy,2002,1.381818182,Anoplopoma fimbria,Pacific Coast of Canada
SABLEFPCAN,Sablefish Pacific Coast of Canada,F/Fmsy,2003,1.036363636,Anoplopoma fimbria,Pacific Coast of Canada
SABLEFPCAN,Sablefish Pacific Coast of Canada,F/Fmsy,2004,1.172727273,Anoplopoma fimbria,Pacific Coast of Canada
SABLEFPCAN,Sablefish Pacific Coast of Canada,F/Fmsy,2005,1.609090909,Anoplopoma fimbria,Pacific Coast of Canada
SABLEFPCAN,Sablefish Pacific Coast of Canada,F/Fmsy,2006,1.7,Anoplopoma fimbria,Pacific Coast of Canada
SABLEFPCAN,Sablefish Pacific Coast of Canada,F/Fmsy,2007,1.372727273,Anoplopoma fimbria,Pacific Coast of Canada
SABLEFPCAN,Sablefish Pacific Coast of Canada,F/Fmsy,2008,1.327272727,Anoplopoma fimbria,Pacific Coast of Canada
SABLEFPCAN,Sablefish Pacific Coast of Canada,F/Fmsy,2009,1.172727273,Anoplopoma fimbria,Pacific Coast of Canada
SABLEFPCAN,Sablefish Pacific Coast of Canada,F/Fmsy,2010,1.145454545,Anoplopoma fimbria,Pacific Coast of Canada
PERCHQCI,Pacific Ocean perch Haida Gwaii,F/Fmsy,1940,1.76e-4,Sebastes alutus,Queen Charlotte Islands
PERCHQCI,Pacific Ocean perch Haida Gwaii,F/Fmsy,1941,5.6e-4,Sebastes alutus,Queen Charlotte Islands
PERCHQCI,Pacific Ocean perch Haida Gwaii,F/Fmsy,1942,0.00114,Sebastes alutus,Queen Charlotte Islands
PERCHQCI,Pacific Ocean perch Haida Gwaii,F/Fmsy,1943,0.00341,Sebastes alutus,Queen Charlotte Islands
PERCHQCI,Pacific Ocean perch Haida Gwaii,F/Fmsy,1944,0.00256,Sebastes alutus,Queen Charlotte Islands
PERCHQCI,Pacific Ocean perch Haida Gwaii,F/Fmsy,1945,0.0122,Sebastes alutus,Queen Charlotte Islands
PERCHQCI,Pacific Ocean perch Haida Gwaii,F/Fmsy,1946,0.00861,Sebastes alutus,Queen Charlotte Islands
PERCHQCI,Pacific Ocean perch Haida Gwaii,F/Fmsy,1947,0.00313,Sebastes alutus,Queen Charlotte Islands
PERCHQCI,Pacific Ocean perch Haida Gwaii,F/Fmsy,1948,0.00498,Sebastes alutus,Queen Charlotte Islands
PERCHQCI,Pacific Ocean perch Haida Gwaii,F/Fmsy,1949,0.00613,Sebastes alutus,Queen Charlotte Islands
PERCHQCI,Pacific Ocean perch Haida Gwaii,F/Fmsy,1950,0.00912,Sebastes alutus,Queen Charlotte Islands
PERCHQCI,Pacific Ocean perch Haida Gwaii,F/Fmsy,1951,0.00498,Sebastes alutus,Queen Charlotte Islands
PERCHQCI,Pacific Ocean perch Haida Gwaii,F/Fmsy,1952,0.00579,Sebastes alutus,Queen Charlotte Islands
PERCHQCI,Pacific Ocean perch Haida Gwaii,F/Fmsy,1953,0.002,Sebastes alutus,Queen Charlotte Islands
PERCHQCI,Pacific Ocean perch Haida Gwaii,F/Fmsy,1954,0.00243,Sebastes alutus,Queen Charlotte Islands
PERCHQCI,Pacific Ocean perch Haida Gwaii,F/Fmsy,1955,0.00384,Sebastes alutus,Queen Charlotte Islands
PERCHQCI,Pacific Ocean perch Haida Gwaii,F/Fmsy,1956,1.54e-4,Sebastes alutus,Queen Charlotte Islands
PERCHQCI,Pacific Ocean perch Haida Gwaii,F/Fmsy,1957,3.04e-4,Sebastes alutus,Queen Charlotte Islands
PERCHQCI,Pacific Ocean perch Haida Gwaii,F/Fmsy,1958,8.87e-4,Sebastes alutus,Queen Charlotte Islands
PERCHQCI,Pacific Ocean perch Haida Gwaii,F/Fmsy,1959,1.48e-7,Sebastes alutus,Queen Charlotte Islands
PERCHQCI,Pacific Ocean perch Haida Gwaii,F/Fmsy,1960,5.11e-7,Sebastes alutus,Queen Charlotte Islands
PERCHQCI,Pacific Ocean perch Haida Gwaii,F/Fmsy,1961,6.85e-5,Sebastes alutus,Queen Charlotte Islands
PERCHQCI,Pacific Ocean perch Haida Gwaii,F/Fmsy,1962,3.77e-7,Sebastes alutus,Queen Charlotte Islands
PERCHQCI,Pacific Ocean perch Haida Gwaii,F/Fmsy,1963,1.98e-4,Sebastes alutus,Queen Charlotte Islands
PERCHQCI,Pacific Ocean perch Haida Gwaii,F/Fmsy,1964,7.98e-4,Sebastes alutus,Queen Charlotte Islands
PERCHQCI,Pacific Ocean perch Haida Gwaii,F/Fmsy,1965,0.768,Sebastes alutus,Queen Charlotte Islands
PERCHQCI,Pacific Ocean perch Haida Gwaii,F/Fmsy,1966,1.33,Sebastes alutus,Queen Charlotte Islands
PERCHQCI,Pacific Ocean perch Haida Gwaii,F/Fmsy,1967,0.761,Sebastes alutus,Queen Charlotte Islands
PERCHQCI,Pacific Ocean perch Haida Gwaii,F/Fmsy,1968,1.22,Sebastes alutus,Queen Charlotte Islands
PERCHQCI,Pacific Ocean perch Haida Gwaii,F/Fmsy,1969,0.548,Sebastes alutus,Queen Charlotte Islands
PERCHQCI,Pacific Ocean perch Haida Gwaii,F/Fmsy,1970,0.279,Sebastes alutus,Queen Charlotte Islands
PERCHQCI,Pacific Ocean perch Haida Gwaii,F/Fmsy,1971,0.475,Sebastes alutus,Queen Charlotte Islands
PERCHQCI,Pacific Ocean perch Haida Gwaii,F/Fmsy,1972,0.711,Sebastes alutus,Queen Charlotte Islands
PERCHQCI,Pacific Ocean perch Haida Gwaii,F/Fmsy,1973,0.613,Sebastes alutus,Queen Charlotte Islands
PERCHQCI,Pacific Ocean perch Haida Gwaii,F/Fmsy,1974,0.463,Sebastes alutus,Queen Charlotte Islands
PERCHQCI,Pacific Ocean perch Haida Gwaii,F/Fmsy,1975,0.385,Sebastes alutus,Queen Charlotte Islands
PERCHQCI,Pacific Ocean perch Haida Gwaii,F/Fmsy,1976,0.453,Sebastes alutus,Queen Charlotte Islands
PERCHQCI,Pacific Ocean perch Haida Gwaii,F/Fmsy,1977,0.898,Sebastes alutus,Queen Charlotte Islands
PERCHQCI,Pacific Ocean perch Haida Gwaii,F/Fmsy,1978,1.05,Sebastes alutus,Queen Charlotte Islands
PERCHQCI,Pacific Ocean perch Haida Gwaii,F/Fmsy,1979,0.572,Sebastes alutus,Queen Charlotte Islands
PERCHQCI,Pacific Ocean perch Haida Gwaii,F/Fmsy,1980,0.513,Sebastes alutus,Queen Charlotte Islands
PERCHQCI,Pacific Ocean perch Haida Gwaii,F/Fmsy,1981,0.408,Sebastes alutus,Queen Charlotte Islands
PERCHQCI,Pacific Ocean perch Haida Gwaii,F/Fmsy,1982,0.553,Sebastes alutus,Queen Charlotte Islands
PERCHQCI,Pacific Ocean perch Haida Gwaii,F/Fmsy,1983,0.673,Sebastes alutus,Queen Charlotte Islands
PERCHQCI,Pacific Ocean perch Haida Gwaii,F/Fmsy,1984,1.75,Sebastes alutus,Queen Charlotte Islands
PERCHQCI,Pacific Ocean perch Haida Gwaii,F/Fmsy,1985,1.51,Sebastes alutus,Queen Charlotte Islands
PERCHQCI,Pacific Ocean perch Haida Gwaii,F/Fmsy,1986,1.61,Sebastes alutus,Queen Charlotte Islands
PERCHQCI,Pacific Ocean perch Haida Gwaii,F/Fmsy,1987,0.889,Sebastes alutus,Queen Charlotte Islands
PERCHQCI,Pacific Ocean perch Haida Gwaii,F/Fmsy,1988,0.93,Sebastes alutus,Queen Charlotte Islands
PERCHQCI,Pacific Ocean perch Haida Gwaii,F/Fmsy,1989,1.06,Sebastes alutus,Queen Charlotte Islands
PERCHQCI,Pacific Ocean perch Haida Gwaii,F/Fmsy,1990,0.907,Sebastes alutus,Queen Charlotte Islands
PERCHQCI,Pacific Ocean perch Haida Gwaii,F/Fmsy,1991,0.339,Sebastes alutus,Queen Charlotte Islands
PERCHQCI,Pacific Ocean perch Haida Gwaii,F/Fmsy,1992,0.199,Sebastes alutus,Queen Charlotte Islands
PERCHQCI,Pacific Ocean perch Haida Gwaii,F/Fmsy,1993,0.283,Sebastes alutus,Queen Charlotte Islands
PERCHQCI,Pacific Ocean perch Haida Gwaii,F/Fmsy,1994,0.162,Sebastes alutus,Queen Charlotte Islands
PERCHQCI,Pacific Ocean perch Haida Gwaii,F/Fmsy,1995,0.374,Sebastes alutus,Queen Charlotte Islands
PERCHQCI,Pacific Ocean perch Haida Gwaii,F/Fmsy,1996,0.301,Sebastes alutus,Queen Charlotte Islands
PERCHQCI,Pacific Ocean perch Haida Gwaii,F/Fmsy,1997,0.303,Sebastes alutus,Queen Charlotte Islands
PERCHQCI,Pacific Ocean perch Haida Gwaii,F/Fmsy,1998,0.428,Sebastes alutus,Queen Charlotte Islands
PERCHQCI,Pacific Ocean perch Haida Gwaii,F/Fmsy,1999,0.338,Sebastes alutus,Queen Charlotte Islands
PERCHQCI,Pacific Ocean perch Haida Gwaii,F/Fmsy,2000,0.517,Sebastes alutus,Queen Charlotte Islands
PERCHQCI,Pacific Ocean perch Haida Gwaii,F/Fmsy,2001,0.567,Sebastes alutus,Queen Charlotte Islands
PERCHQCI,Pacific Ocean perch Haida Gwaii,F/Fmsy,2002,0.546,Sebastes alutus,Queen Charlotte Islands
PERCHQCI,Pacific Ocean perch Haida Gwaii,F/Fmsy,2003,0.47,Sebastes alutus,Queen Charlotte Islands
PERCHQCI,Pacific Ocean perch Haida Gwaii,F/Fmsy,2004,0.439,Sebastes alutus,Queen Charlotte Islands
PERCHQCI,Pacific Ocean perch Haida Gwaii,F/Fmsy,2005,0.39,Sebastes alutus,Queen Charlotte Islands
PERCHQCI,Pacific Ocean perch Haida Gwaii,F/Fmsy,2006,0.384,Sebastes alutus,Queen Charlotte Islands
PERCHQCI,Pacific Ocean perch Haida Gwaii,F/Fmsy,2007,0.355,Sebastes alutus,Queen Charlotte Islands
PERCHQCI,Pacific Ocean perch Haida Gwaii,F/Fmsy,2008,0.38,Sebastes alutus,Queen Charlotte Islands
PERCHQCI,Pacific Ocean perch Haida Gwaii,F/Fmsy,2009,0.369,Sebastes alutus,Queen Charlotte Islands
PERCHQCI,Pacific Ocean perch Haida Gwaii,F/Fmsy,2010,0.435,Sebastes alutus,Queen Charlotte Islands
PERCHQCI,Pacific Ocean perch Haida Gwaii,F/Fmsy,2011,0.47,Sebastes alutus,Queen Charlotte Islands
PERCHQCI,Pacific Ocean perch Haida Gwaii,F/Fmsy,2012,0.482,Sebastes alutus,Queen Charlotte Islands
PERCHWCVANI,Pacific Ocean perch West Coast of Vancouver Island,F/Fmsy,1940,0.00102,Sebastes alutus,West Coast of Vancouver Island
PERCHWCVANI,Pacific Ocean perch West Coast of Vancouver Island,F/Fmsy,1941,7.57e-4,Sebastes alutus,West Coast of Vancouver Island
PERCHWCVANI,Pacific Ocean perch West Coast of Vancouver Island,F/Fmsy,1942,0.00764,Sebastes alutus,West Coast of Vancouver Island
PERCHWCVANI,Pacific Ocean perch West Coast of Vancouver Island,F/Fmsy,1943,0.0241,Sebastes alutus,West Coast of Vancouver Island
PERCHWCVANI,Pacific Ocean perch West Coast of Vancouver Island,F/Fmsy,1944,0.0125,Sebastes alutus,West Coast of Vancouver Island
PERCHWCVANI,Pacific Ocean perch West Coast of Vancouver Island,F/Fmsy,1945,0.096,Sebastes alutus,West Coast of Vancouver Island
PERCHWCVANI,Pacific Ocean perch West Coast of Vancouver Island,F/Fmsy,1946,0.0498,Sebastes alutus,West Coast of Vancouver Island
PERCHWCVANI,Pacific Ocean perch West Coast of Vancouver Island,F/Fmsy,1947,0.0255,Sebastes alutus,West Coast of Vancouver Island
PERCHWCVANI,Pacific Ocean perch West Coast of Vancouver Island,F/Fmsy,1948,0.0415,Sebastes alutus,West Coast of Vancouver Island
PERCHWCVANI,Pacific Ocean perch West Coast of Vancouver Island,F/Fmsy,1949,0.0505,Sebastes alutus,West Coast of Vancouver Island
PERCHWCVANI,Pacific Ocean perch West Coast of Vancouver Island,F/Fmsy,1950,0.0509,Sebastes alutus,West Coast of Vancouver Island
PERCHWCVANI,Pacific Ocean perch West Coast of Vancouver Island,F/Fmsy,1951,0.0467,Sebastes alutus,West Coast of Vancouver Island
PERCHWCVANI,Pacific Ocean perch West Coast of Vancouver Island,F/Fmsy,1952,0.052,Sebastes alutus,West Coast of Vancouver Island
PERCHWCVANI,Pacific Ocean perch West Coast of Vancouver Island,F/Fmsy,1953,0.032,Sebastes alutus,West Coast of Vancouver Island
PERCHWCVANI,Pacific Ocean perch West Coast of Vancouver Island,F/Fmsy,1954,0.0572,Sebastes alutus,West Coast of Vancouver Island
PERCHWCVANI,Pacific Ocean perch West Coast of Vancouver Island,F/Fmsy,1955,0.0469,Sebastes alutus,West Coast of Vancouver Island
PERCHWCVANI,Pacific Ocean perch West Coast of Vancouver Island,F/Fmsy,1956,0.232,Sebastes alutus,West Coast of Vancouver Island
PERCHWCVANI,Pacific Ocean perch West Coast of Vancouver Island,F/Fmsy,1957,0.245,Sebastes alutus,West Coast of Vancouver Island
PERCHWCVANI,Pacific Ocean perch West Coast of Vancouver Island,F/Fmsy,1958,0.0545,Sebastes alutus,West Coast of Vancouver Island
PERCHWCVANI,Pacific Ocean perch West Coast of Vancouver Island,F/Fmsy,1959,0.228,Sebastes alutus,West Coast of Vancouver Island
PERCHWCVANI,Pacific Ocean perch West Coast of Vancouver Island,F/Fmsy,1960,0.303,Sebastes alutus,West Coast of Vancouver Island
PERCHWCVANI,Pacific Ocean perch West Coast of Vancouver Island,F/Fmsy,1961,0.546,Sebastes alutus,West Coast of Vancouver Island
PERCHWCVANI,Pacific Ocean perch West Coast of Vancouver Island,F/Fmsy,1962,1.07,Sebastes alutus,West Coast of Vancouver Island
PERCHWCVANI,Pacific Ocean perch West Coast of Vancouver Island,F/Fmsy,1963,1.24,Sebastes alutus,West Coast of Vancouver Island
PERCHWCVANI,Pacific Ocean perch West Coast of Vancouver Island,F/Fmsy,1964,0.693,Sebastes alutus,West Coast of Vancouver Island
PERCHWCVANI,Pacific Ocean perch West Coast of Vancouver Island,F/Fmsy,1965,1.25,Sebastes alutus,West Coast of Vancouver Island
PERCHWCVANI,Pacific Ocean perch West Coast of Vancouver Island,F/Fmsy,1966,3.23,Sebastes alutus,West Coast of Vancouver Island
PERCHWCVANI,Pacific Ocean perch West Coast of Vancouver Island,F/Fmsy,1967,2.69,Sebastes alutus,West Coast of Vancouver Island
PERCHWCVANI,Pacific Ocean perch West Coast of Vancouver Island,F/Fmsy,1968,2.67,Sebastes alutus,West Coast of Vancouver Island
PERCHWCVANI,Pacific Ocean perch West Coast of Vancouver Island,F/Fmsy,1969,1.11,Sebastes alutus,West Coast of Vancouver Island
PERCHWCVANI,Pacific Ocean perch West Coast of Vancouver Island,F/Fmsy,1970,2.59,Sebastes alutus,West Coast of Vancouver Island
PERCHWCVANI,Pacific Ocean perch West Coast of Vancouver Island,F/Fmsy,1971,2.17,Sebastes alutus,West Coast of Vancouver Island
PERCHWCVANI,Pacific Ocean perch West Coast of Vancouver Island,F/Fmsy,1972,1.53,Sebastes alutus,West Coast of Vancouver Island
PERCHWCVANI,Pacific Ocean perch West Coast of Vancouver Island,F/Fmsy,1973,1.72,Sebastes alutus,West Coast of Vancouver Island
PERCHWCVANI,Pacific Ocean perch West Coast of Vancouver Island,F/Fmsy,1974,0.872,Sebastes alutus,West Coast of Vancouver Island
PERCHWCVANI,Pacific Ocean perch West Coast of Vancouver Island,F/Fmsy,1975,0.519,Sebastes alutus,West Coast of Vancouver Island
PERCHWCVANI,Pacific Ocean perch West Coast of Vancouver Island,F/Fmsy,1976,0.134,Sebastes alutus,West Coast of Vancouver Island
PERCHWCVANI,Pacific Ocean perch West Coast of Vancouver Island,F/Fmsy,1977,0.0175,Sebastes alutus,West Coast of Vancouver Island
PERCHWCVANI,Pacific Ocean perch West Coast of Vancouver Island,F/Fmsy,1978,0.0559,Sebastes alutus,West Coast of Vancouver Island
PERCHWCVANI,Pacific Ocean perch West Coast of Vancouver Island,F/Fmsy,1979,0.115,Sebastes alutus,West Coast of Vancouver Island
PERCHWCVANI,Pacific Ocean perch West Coast of Vancouver Island,F/Fmsy,1980,0.382,Sebastes alutus,West Coast of Vancouver Island
PERCHWCVANI,Pacific Ocean perch West Coast of Vancouver Island,F/Fmsy,1981,0.496,Sebastes alutus,West Coast of Vancouver Island
PERCHWCVANI,Pacific Ocean perch West Coast of Vancouver Island,F/Fmsy,1982,0.481,Sebastes alutus,West Coast of Vancouver Island
PERCHWCVANI,Pacific Ocean perch West Coast of Vancouver Island,F/Fmsy,1983,0.792,Sebastes alutus,West Coast of Vancouver Island
PERCHWCVANI,Pacific Ocean perch West Coast of Vancouver Island,F/Fmsy,1984,0.743,Sebastes alutus,West Coast of Vancouver Island
PERCHWCVANI,Pacific Ocean perch West Coast of Vancouver Island,F/Fmsy,1985,0.546,Sebastes alutus,West Coast of Vancouver Island
PERCHWCVANI,Pacific Ocean perch West Coast of Vancouver Island,F/Fmsy,1986,1.21,Sebastes alutus,West Coast of Vancouver Island
PERCHWCVANI,Pacific Ocean perch West Coast of Vancouver Island,F/Fmsy,1987,0.988,Sebastes alutus,West Coast of Vancouver Island
PERCHWCVANI,Pacific Ocean perch West Coast of Vancouver Island,F/Fmsy,1988,0.8,Sebastes alutus,West Coast of Vancouver Island
PERCHWCVANI,Pacific Ocean perch West Coast of Vancouver Island,F/Fmsy,1989,1.24,Sebastes alutus,West Coast of Vancouver Island
PERCHWCVANI,Pacific Ocean perch West Coast of Vancouver Island,F/Fmsy,1990,1.17,Sebastes alutus,West Coast of Vancouver Island
PERCHWCVANI,Pacific Ocean perch West Coast of Vancouver Island,F/Fmsy,1991,0.806,Sebastes alutus,West Coast of Vancouver Island
PERCHWCVANI,Pacific Ocean perch West Coast of Vancouver Island,F/Fmsy,1992,1.03,Sebastes alutus,West Coast of Vancouver Island
PERCHWCVANI,Pacific Ocean perch West Coast of Vancouver Island,F/Fmsy,1993,1.61,Sebastes alutus,West Coast of Vancouver Island
PERCHWCVANI,Pacific Ocean perch West Coast of Vancouver Island,F/Fmsy,1994,1.7,Sebastes alutus,West Coast of Vancouver Island
PERCHWCVANI,Pacific Ocean perch West Coast of Vancouver Island,F/Fmsy,1995,1,Sebastes alutus,West Coast of Vancouver Island
PERCHWCVANI,Pacific Ocean perch West Coast of Vancouver Island,F/Fmsy,1996,0.631,Sebastes alutus,West Coast of Vancouver Island
PERCHWCVANI,Pacific Ocean perch West Coast of Vancouver Island,F/Fmsy,1997,0.458,Sebastes alutus,West Coast of Vancouver Island
PERCHWCVANI,Pacific Ocean perch West Coast of Vancouver Island,F/Fmsy,1998,0.506,Sebastes alutus,West Coast of Vancouver Island
PERCHWCVANI,Pacific Ocean perch West Coast of Vancouver Island,F/Fmsy,1999,0.483,Sebastes alutus,West Coast of Vancouver Island
PERCHWCVANI,Pacific Ocean perch West Coast of Vancouver Island,F/Fmsy,2000,0.42,Sebastes alutus,West Coast of Vancouver Island
PERCHWCVANI,Pacific Ocean perch West Coast of Vancouver Island,F/Fmsy,2001,0.401,Sebastes alutus,West Coast of Vancouver Island
PERCHWCVANI,Pacific Ocean perch West Coast of Vancouver Island,F/Fmsy,2002,0.436,Sebastes alutus,West Coast of Vancouver Island
PERCHWCVANI,Pacific Ocean perch West Coast of Vancouver Island,F/Fmsy,2003,0.454,Sebastes alutus,West Coast of Vancouver Island
PERCHWCVANI,Pacific Ocean perch West Coast of Vancouver Island,F/Fmsy,2004,0.435,Sebastes alutus,West Coast of Vancouver Island
PERCHWCVANI,Pacific Ocean perch West Coast of Vancouver Island,F/Fmsy,2005,0.429,Sebastes alutus,West Coast of Vancouver Island
PERCHWCVANI,Pacific Ocean perch West Coast of Vancouver Island,F/Fmsy,2006,0.406,Sebastes alutus,West Coast of Vancouver Island
PERCHWCVANI,Pacific Ocean perch West Coast of Vancouver Island,F/Fmsy,2007,0.363,Sebastes alutus,West Coast of Vancouver Island
PERCHWCVANI,Pacific Ocean perch West Coast of Vancouver Island,F/Fmsy,2008,0.542,Sebastes alutus,West Coast of Vancouver Island
PERCHWCVANI,Pacific Ocean perch West Coast of Vancouver Island,F/Fmsy,2009,0.352,Sebastes alutus,West Coast of Vancouver Island
PERCHWCVANI,Pacific Ocean perch West Coast of Vancouver Island,F/Fmsy,2010,0.274,Sebastes alutus,West Coast of Vancouver Island
PERCHWCVANI,Pacific Ocean perch West Coast of Vancouver Island,F/Fmsy,2011,0.376,Sebastes alutus,West Coast of Vancouver Island
PERCHWCVANI,Pacific Ocean perch West Coast of Vancouver Island,F/Fmsy,2012,0.384,Sebastes alutus,West Coast of Vancouver Island
PHALNPAC,Pacific halibut North Pacific,F/Fmsy,2000,0.645,Hippoglossus stenolepis,North Pacific
PHALNPAC,Pacific halibut North Pacific,F/Fmsy,2001,0.755,Hippoglossus stenolepis,North Pacific
PHALNPAC,Pacific halibut North Pacific,F/Fmsy,2002,0.875,Hippoglossus stenolepis,North Pacific
PHALNPAC,Pacific halibut North Pacific,F/Fmsy,2003,1.01,Hippoglossus stenolepis,North Pacific
PHALNPAC,Pacific halibut North Pacific,F/Fmsy,2004,1.17,Hippoglossus stenolepis,North Pacific
PHALNPAC,Pacific halibut North Pacific,F/Fmsy,2005,1.32,Hippoglossus stenolepis,North Pacific
PHALNPAC,Pacific halibut North Pacific,F/Fmsy,2006,1.465,Hippoglossus stenolepis,North Pacific
PHALNPAC,Pacific halibut North Pacific,F/Fmsy,2007,1.605,Hippoglossus stenolepis,North Pacific
PHALNPAC,Pacific halibut North Pacific,F/Fmsy,2008,1.72,Hippoglossus stenolepis,North Pacific
PHALNPAC,Pacific halibut North Pacific,F/Fmsy,2009,1.785,Hippoglossus stenolepis,North Pacific
PHALNPAC,Pacific halibut North Pacific,F/Fmsy,2010,1.855,Hippoglossus stenolepis,North Pacific
PHALNPAC,Pacific halibut North Pacific,F/Fmsy,2011,1.615,Hippoglossus stenolepis,North Pacific
PHALNPAC,Pacific halibut North Pacific,F/Fmsy,2012,1.415,Hippoglossus stenolepis,North Pacific
PHALNPAC,Pacific halibut North Pacific,F/Fmsy,2013,1.28,Hippoglossus stenolepis,North Pacific
ALBANPAC,Albacore tuna North Pacific,F/Fmsy,1966,0.191720152,Thunnus alalunga,North Pacific Ocean
ALBANPAC,Albacore tuna North Pacific,F/Fmsy,1967,0.227848673,Thunnus alalunga,North Pacific Ocean
ALBANPAC,Albacore tuna North Pacific,F/Fmsy,1968,0.187600363,Thunnus alalunga,North Pacific Ocean
ALBANPAC,Albacore tuna North Pacific,F/Fmsy,1969,0.196545986,Thunnus alalunga,North Pacific Ocean
ALBANPAC,Albacore tuna North Pacific,F/Fmsy,1970,0.173834005,Thunnus alalunga,North Pacific Ocean
ALBANPAC,Albacore tuna North Pacific,F/Fmsy,1971,0.228658576,Thunnus alalunga,North Pacific Ocean
ALBANPAC,Albacore tuna North Pacific,F/Fmsy,1972,0.270877261,Thunnus alalunga,North Pacific Ocean
ALBANPAC,Albacore tuna North Pacific,F/Fmsy,1973,0.279003579,Thunnus alalunga,North Pacific Ocean
ALBANPAC,Albacore tuna North Pacific,F/Fmsy,1974,0.309456821,Thunnus alalunga,North Pacific Ocean
ALBANPAC,Albacore tuna North Pacific,F/Fmsy,1975,0.274355409,Thunnus alalunga,North Pacific Ocean
ALBANPAC,Albacore tuna North Pacific,F/Fmsy,1976,0.368357931,Thunnus alalunga,North Pacific Ocean
ALBANPAC,Albacore tuna North Pacific,F/Fmsy,1977,0.192407769,Thunnus alalunga,North Pacific Ocean
ALBANPAC,Albacore tuna North Pacific,F/Fmsy,1978,0.310284354,Thunnus alalunga,North Pacific Ocean
ALBANPAC,Albacore tuna North Pacific,F/Fmsy,1979,0.241297072,Thunnus alalunga,North Pacific Ocean
ALBANPAC,Albacore tuna North Pacific,F/Fmsy,1980,0.270877261,Thunnus alalunga,North Pacific Ocean
ALBANPAC,Albacore tuna North Pacific,F/Fmsy,1981,0.268744835,Thunnus alalunga,North Pacific Ocean
ALBANPAC,Albacore tuna North Pacific,F/Fmsy,1982,0.289283033,Thunnus alalunga,North Pacific Ocean
ALBANPAC,Albacore tuna North Pacific,F/Fmsy,1983,0.221316442,Thunnus alalunga,North Pacific Ocean
ALBANPAC,Albacore tuna North Pacific,F/Fmsy,1984,0.290345448,Thunnus alalunga,North Pacific Ocean
ALBANPAC,Albacore tuna North Pacific,F/Fmsy,1985,0.250168581,Thunnus alalunga,North Pacific Ocean
ALBANPAC,Albacore tuna North Pacific,F/Fmsy,1986,0.206185617,Thunnus alalunga,North Pacific Ocean
ALBANPAC,Albacore tuna North Pacific,F/Fmsy,1987,0.223826477,Thunnus alalunga,North Pacific Ocean
ALBANPAC,Albacore tuna North Pacific,F/Fmsy,1988,0.211684958,Thunnus alalunga,North Pacific Ocean
ALBANPAC,Albacore tuna North Pacific,F/Fmsy,1989,0.211380872,Thunnus alalunga,North Pacific Ocean
ALBANPAC,Albacore tuna North Pacific,F/Fmsy,1990,0.25692347,Thunnus alalunga,North Pacific Ocean
ALBANPAC,Albacore tuna North Pacific,F/Fmsy,1991,0.173678797,Thunnus alalunga,North Pacific Ocean
ALBANPAC,Albacore tuna North Pacific,F/Fmsy,1992,0.236575418,Thunnus alalunga,North Pacific Ocean
ALBANPAC,Albacore tuna North Pacific,F/Fmsy,1993,0.221802351,Thunnus alalunga,North Pacific Ocean
ALBANPAC,Albacore tuna North Pacific,F/Fmsy,1994,0.278210319,Thunnus alalunga,North Pacific Ocean
ALBANPAC,Albacore tuna North Pacific,F/Fmsy,1995,0.244882344,Thunnus alalunga,North Pacific Ocean
ALBANPAC,Albacore tuna North Pacific,F/Fmsy,1996,0.300893399,Thunnus alalunga,North Pacific Ocean
ALBANPAC,Albacore tuna North Pacific,F/Fmsy,1997,0.371015397,Thunnus alalunga,North Pacific Ocean
ALBANPAC,Albacore tuna North Pacific,F/Fmsy,1998,0.346961369,Thunnus alalunga,North Pacific Ocean
ALBANPAC,Albacore tuna North Pacific,F/Fmsy,1999,0.460148838,Thunnus alalunga,North Pacific Ocean
ALBANPAC,Albacore tuna North Pacific,F/Fmsy,2000,0.333181844,Thunnus alalunga,North Pacific Ocean
ALBANPAC,Albacore tuna North Pacific,F/Fmsy,2001,0.345878543,Thunnus alalunga,North Pacific Ocean
ALBANPAC,Albacore tuna North Pacific,F/Fmsy,2002,0.399691326,Thunnus alalunga,North Pacific Ocean
ALBANPAC,Albacore tuna North Pacific,F/Fmsy,2003,0.368142381,Thunnus alalunga,North Pacific Ocean
ALBANPAC,Albacore tuna North Pacific,F/Fmsy,2004,0.376179002,Thunnus alalunga,North Pacific Ocean
ALBANPAC,Albacore tuna North Pacific,F/Fmsy,2005,0.272368627,Thunnus alalunga,North Pacific Ocean
ALBANPAC,Albacore tuna North Pacific,F/Fmsy,2006,0.274823285,Thunnus alalunga,North Pacific Ocean
ALBANPAC,Albacore tuna North Pacific,F/Fmsy,2007,0.37533569,Thunnus alalunga,North Pacific Ocean
ALBANPAC,Albacore tuna North Pacific,F/Fmsy,2008,0.283928876,Thunnus alalunga,North Pacific Ocean
ALBANPAC,Albacore tuna North Pacific,F/Fmsy,2009,0.313383338,Thunnus alalunga,North Pacific Ocean
ALBANPAC,Albacore tuna North Pacific,F/Fmsy,2010,0.27476988,Thunnus alalunga,North Pacific Ocean
ALBANPAC,Albacore tuna North Pacific,F/Fmsy,2011,0.31676711,Thunnus alalunga,North Pacific Ocean
ALBANPAC,Albacore tuna North Pacific,F/Fmsy,2012,0.3125894,Thunnus alalunga,North Pacific Ocean
PHAKEPCOAST,Pacific hake Pacific Coast,F/Fmsy,1966,0.174698795,Merluccius productus,Pacific Coast
PHAKEPCOAST,Pacific hake Pacific Coast,F/Fmsy,1967,0.289156627,Merluccius productus,Pacific Coast
PHAKEPCOAST,Pacific hake Pacific Coast,F/Fmsy,1968,0.174698795,Merluccius productus,Pacific Coast
PHAKEPCOAST,Pacific hake Pacific Coast,F/Fmsy,1969,0.256024096,Merluccius productus,Pacific Coast
PHAKEPCOAST,Pacific hake Pacific Coast,F/Fmsy,1970,0.289156627,Merluccius productus,Pacific Coast
PHAKEPCOAST,Pacific hake Pacific Coast,F/Fmsy,1971,0.189759036,Merluccius productus,Pacific Coast
PHAKEPCOAST,Pacific hake Pacific Coast,F/Fmsy,1972,0.15060241,Merluccius productus,Pacific Coast
PHAKEPCOAST,Pacific hake Pacific Coast,F/Fmsy,1973,0.13253012,Merluccius productus,Pacific Coast
PHAKEPCOAST,Pacific hake Pacific Coast,F/Fmsy,1974,0.18373494,Merluccius productus,Pacific Coast
PHAKEPCOAST,Pacific hake Pacific Coast,F/Fmsy,1975,0.171686747,Merluccius productus,Pacific Coast
PHAKEPCOAST,Pacific hake Pacific Coast,F/Fmsy,1976,0.14457831300000001,Merluccius productus,Pacific Coast
PHAKEPCOAST,Pacific hake Pacific Coast,F/Fmsy,1977,0.09939759,Merluccius productus,Pacific Coast
PHAKEPCOAST,Pacific hake Pacific Coast,F/Fmsy,1978,0.090361446,Merluccius productus,Pacific Coast
PHAKEPCOAST,Pacific hake Pacific Coast,F/Fmsy,1979,0.123493976,Merluccius productus,Pacific Coast
PHAKEPCOAST,Pacific hake Pacific Coast,F/Fmsy,1980,0.075301205,Merluccius productus,Pacific Coast
PHAKEPCOAST,Pacific hake Pacific Coast,F/Fmsy,1981,0.13253012,Merluccius productus,Pacific Coast
PHAKEPCOAST,Pacific hake Pacific Coast,F/Fmsy,1982,0.129518072,Merluccius productus,Pacific Coast
PHAKEPCOAST,Pacific hake Pacific Coast,F/Fmsy,1983,0.06626506,Merluccius productus,Pacific Coast
PHAKEPCOAST,Pacific hake Pacific Coast,F/Fmsy,1984,0.084337349,Merluccius productus,Pacific Coast
PHAKEPCOAST,Pacific hake Pacific Coast,F/Fmsy,1985,0.072289157,Merluccius productus,Pacific Coast
PHAKEPCOAST,Pacific hake Pacific Coast,F/Fmsy,1986,0.159638554,Merluccius productus,Pacific Coast
PHAKEPCOAST,Pacific hake Pacific Coast,F/Fmsy,1987,0.129518072,Merluccius productus,Pacific Coast
PHAKEPCOAST,Pacific hake Pacific Coast,F/Fmsy,1988,0.15060241,Merluccius productus,Pacific Coast
PHAKEPCOAST,Pacific hake Pacific Coast,F/Fmsy,1989,0.231927711,Merluccius productus,Pacific Coast
PHAKEPCOAST,Pacific hake Pacific Coast,F/Fmsy,1990,0.18373494,Merluccius productus,Pacific Coast
PHAKEPCOAST,Pacific hake Pacific Coast,F/Fmsy,1991,0.237951807,Merluccius productus,Pacific Coast
PHAKEPCOAST,Pacific hake Pacific Coast,F/Fmsy,1992,0.286144578,Merluccius productus,Pacific Coast
PHAKEPCOAST,Pacific hake Pacific Coast,F/Fmsy,1993,0.222891566,Merluccius productus,Pacific Coast
PHAKEPCOAST,Pacific hake Pacific Coast,F/Fmsy,1994,0.430722892,Merluccius productus,Pacific Coast
PHAKEPCOAST,Pacific hake Pacific Coast,F/Fmsy,1995,0.361445783,Merluccius productus,Pacific Coast
PHAKEPCOAST,Pacific hake Pacific Coast,F/Fmsy,1996,0.457831325,Merluccius productus,Pacific Coast
PHAKEPCOAST,Pacific hake Pacific Coast,F/Fmsy,1997,0.457831325,Merluccius productus,Pacific Coast
PHAKEPCOAST,Pacific hake Pacific Coast,F/Fmsy,1998,0.545180723,Merluccius productus,Pacific Coast
PHAKEPCOAST,Pacific hake Pacific Coast,F/Fmsy,1999,0.629518072,Merluccius productus,Pacific Coast
PHAKEPCOAST,Pacific hake Pacific Coast,F/Fmsy,2000,0.436746988,Merluccius productus,Pacific Coast
PHAKEPCOAST,Pacific hake Pacific Coast,F/Fmsy,2001,0.391566265,Merluccius productus,Pacific Coast
PHAKEPCOAST,Pacific hake Pacific Coast,F/Fmsy,2002,0.135542169,Merluccius productus,Pacific Coast
PHAKEPCOAST,Pacific hake Pacific Coast,F/Fmsy,2003,0.18373494,Merluccius productus,Pacific Coast
PHAKEPCOAST,Pacific hake Pacific Coast,F/Fmsy,2004,0.370481928,Merluccius productus,Pacific Coast
PHAKEPCOAST,Pacific hake Pacific Coast,F/Fmsy,2005,0.530120482,Merluccius productus,Pacific Coast
PHAKEPCOAST,Pacific hake Pacific Coast,F/Fmsy,2006,0.638554217,Merluccius productus,Pacific Coast
PHAKEPCOAST,Pacific hake Pacific Coast,F/Fmsy,2007,0.759036145,Merluccius productus,Pacific Coast
PHAKEPCOAST,Pacific hake Pacific Coast,F/Fmsy,2008,0.789156627,Merluccius productus,Pacific Coast
PHAKEPCOAST,Pacific hake Pacific Coast,F/Fmsy,2009,0.487951807,Merluccius productus,Pacific Coast
PHAKEPCOAST,Pacific hake Pacific Coast,F/Fmsy,2010,0.81626506,Merluccius productus,Pacific Coast
PHAKEPCOAST,Pacific hake Pacific Coast,F/Fmsy,2011,0.61746988,Merluccius productus,Pacific Coast
PHAKEPCOAST,Pacific hake Pacific Coast,F/Fmsy,2012,0.484939759,Merluccius productus,Pacific Coast
PHAKEPCOAST,Pacific hake Pacific Coast,F/Fmsy,2013,0.231927711,Merluccius productus,Pacific Coast
PHAKEPCOAST,Pacific hake Pacific Coast,F/Fmsy,2014,0.256024096,Merluccius productus,Pacific Coast
PHAKEPCOAST,Pacific hake Pacific Coast,F/Fmsy,2015,0.201807229,Merluccius productus,Pacific Coast
